name,totals,nums,channel,Brand
光泉莓果穀物脆片鮮奶,801300,"17,758",好市多,光泉
光泉莓果穀物脆片,376408,"4,646",好市多,福樂
光泉莓果穀物脆片鮮奶優格,139088,"3,064",好市多,光泉
【家樂氏】纖穀脆早餐穀物脆片-豐富堅果、 超級莓果、嚴選果實、黑巧野莓 300g,129435,275,好市多,家樂氏
卡路里燕麥穀物,87253,956,好市多,卡路里
頂級鮮奶優酪-莓果穀物脆片130g*2[130g*2],76680,909,好市多,福樂
光泉頂級鮮奶優酪-莓果穀物脆片(4℃/130g),63280,"1,381",好市多,光泉
【家樂氏】纖穀脆早餐穀物脆片(4入組) 豐富堅果、 超級莓果、嚴選果實、黑巧野莓 300g,42090,54,好市多,家樂氏
FUCHS 福紅綜合水果穀物脆片 3,39200,82,好市多,福紅
燕麥穀物棒250g,31286,341,好市多,福樂
天天出貨【Granola House 小麥的家 纖脆 燕麥棒】 穀物棒 膳食纖維 飽足感,30449,39,好市多,Granola House
義美芝麻燕麥多穀物蘇打餅乾270g/盒[270g/盒],29436,399,好市多,義美
芝麻燕麥多穀物,28443,753,好市多,福樂
卡路里燕麥穀物棒250g/袋[250g/袋],24601,272,好市多,卡路里
FUCHS 福紅紅蘋果穀物脆片 35,21700,58,好市多,福紅
福紅綜合水果穀物脆片,21700,58,好市多,福紅
【盒裝】歐洲進口 雀巢 纖怡巧克力穀物棒 可可脆片穀物棒 玉米脆片穀物棒 早餐棒 燕麥 穀物 小麥 巧克力 可可,20081,56,好市多,雀巢
【免運費】MYPROTEIN 盒裝 高蛋白棒 蛋白點心 營養棒 乳清蛋白 高蛋白點心 燕麥棒 穀物棒 脆米棒 烘焙餅乾,18990,10,好市多,福樂
福紅紅蘋果穀物脆片,17789,50,好市多,福紅
雀巢穀物棒25g-可可脆片,17398,509,好市多,福樂
紅蘋果穀物脆片,15999,53,好市多,福樂
Granola House 小麥的家 纖脆燕麥棒 穀物棒 膳食纖維 燕麥 運動 熱量 飽足感,13815,96,好市多,Granola House
Fuchs紅蘋果穀物脆片350g,12950,35,好市多,福紅
【Amazin graze】堅果穀物燕麥脆片-榛果巧克力250gx1入,11985,40,好市多,Amazin graze
家樂氏可可力350g早餐穀物脆片 買兩包送贈品,10538,33,好市多,家樂氏
9555865600014Amazin graze堅果穀物燕麥脆片250g-藍莓枸杞口味(高纖、非油炸),10080,15,好市多,Amazin graze
家樂氏Special K香脆麥米片早餐穀物脆片-藍莓杏仁 costco 好市多熱銷款,10071,43,好市多,家樂氏
【Amazin graze】堅果穀物燕麥脆片-藍莓枸杞250gx1入,10024,38,好市多,Amazin graze
義美 芝麻燕麥多穀物蘇打餅乾270g,9804,87,全聯,福樂
AMAZIN' GRAZE 堅果穀物燕麥脆片-藍莓枸杞250g,8400,23,全聯,Amazin graze
Fuchs福紅蘋果穀物脆片,8340,26,全聯,福紅
日清宇治抹茶綜合水果穀物脆片,8004,31,全聯,日清
光泉頂級鮮奶優酪莓果穀物脆片 130g*2,7378,82,全聯,光泉
【卡路里】燕麥穀物棒 250g/袋(天然穀物棒富含多種天然營養),7331,36,全聯,卡路里
雀巢 纖怡穀物棒23.5g 16入(盒) 點心隨身包 可可脆片 巧克力穀物棒,7185,18,全聯,雀巢
脆妮妮 寶寶餅乾 磨牙棒 低鈉牛奶 藜麥 燕麥 多穀物 美好人生 金箍點心棒 磨牙餅乾 副食品 0860,7132,48,全聯,脆妮妮
【家樂氏】纖穀脆早餐穀物脆片-豐富堅果、 超級莓果、嚴選果實、黑巧野莓 330g,6784,23,全聯,家樂氏
雀巢 可可脆片穀物棒 美祿穀物棒 纖怡穀物棒 玉米脆片穀物棒 點心隨身包  可可脆片 巧克力穀物棒,6194,27,全聯,雀巢
AMAZIN' GRAZE 堅果穀物燕麥脆片-榛果巧克力250g,6160,16,全聯,Amazin graze
498936@卡路里燕麥穀物棒 250G,5692,58,全聯,卡路里
AMAZIN' GRAZE 堅果穀物燕麥脆片-香蕉蜂蜜250g,5600,16,全聯,Amazin graze
雀巢穀物棒20g-玉米脆片,5482,148,全聯,福樂
有供電子發票.超好吃紐西蘭燕麥棒Mother Earth 烘培燕麥棒 穀物·水果·奶油8種口味選擇(可混搭)現貨,5237,9,7-11,Mother Earth
【Amazin graze】堅果穀物燕麥脆片-椰糖250gx1入,5222,20,7-11,Amazin graze
amazin’graze堅果穀物燕麥脆片/ 榛果巧克力,4760,16,7-11,Amazin graze
【家樂氏】Special K香脆麥米片早餐穀物脆片-藍莓杏仁 costco 好市多熱銷款,4573,19,7-11,家樂氏
Amazin graze堅果穀物燕麥脆片250g-榛果巧克力口味(高纖、非油炸),4525,18,7-11,Amazin graze
9555865600007Amazin graze堅果穀物燕麥脆片250g-榛果巧克力口味(高纖、非油炸),4516,15,7-11,Amazin graze
"限時 ！任選四盒免運！(暖之森 妳要的燕麥棒！紅藜蔓越莓(一盒)-一盒X1,暖之森 妳要的燕麥棒！可可印加果(一盒)-一盒X1,暖之森 妳要的燕麥棒！抹茶多穀物(一盒)-一盒X1,",4400,2,7-11,暖之森
【Amazin graze】堅果穀物燕麥脆片-香蕉蜂蜜250gx1入,4340,17,7-11,Amazin graze
Fuchs福紅綜合水果穀物脆片,4306,12,7-11,福紅
?【全口味‼️E發票】天然谷 燕麥棒 市價29元?Nature Valley  三種口味 單包販售 穀物棒 好市多,4302,22,7-11,福樂
Amazin graze堅果穀物燕麥脆片250g-藍莓枸杞口味(高纖、非油炸),4273,10,7-11,Amazin graze
熱銷可刷卡秒出貨?公司貨有發票? 綜合纖脆燕麥棒 雀巢纖怡草莓穀物棒 天然谷綜合燕麥棒 營養棒,4262,23,7-11,福樂
日清豐盛果實綜合水果穀物脆片,4230,18,7-11,福樂
脆妮妮 寶寶餅乾 磨牙棒 低鈉牛奶 低鈉藜麥 燕麥 多穀物 牛奶磨牙餅 0860 副食品 Nutrinini,4060,30,7-11,脆妮妮
雀巢 玉米脆片穀物棒20g 24入(盒)  玉米脆片點心棒 穀物棒 玉米脆片 點心棒 隨手包點心 早餐脆片,3965,6,7-11,雀巢
AMAZIN' GRAZE 堅果穀物燕麥脆片-椰糖250g,3920,9,7-11,Amazin graze
天然谷 燕麥棒 市價29元?Nature Valley  蜂蜜 單包販售 穀物棒 好市多［ 蝦皮團購 ］,3915,24,7-11,天然谷
卡路里燕麥穀物棒,3829,44,7-11,卡路里
光泉頂級鮮奶優酪-莓果穀物脆片130,3627,81,7-11,光泉
雀巢 可可脆片穀物棒25g*6入 最新效期 可可脆片 穀物棒,3561,17,7-11,雀巢
【家樂氏】纖穀脆早餐穀物脆片-豐富堅果 330g,3550,8,7-11,家樂氏
amazin’graze堅果穀物燕麥脆片/ 藍苺枸杞,3360,12,7-11,Amazin graze
?超好吃紐西蘭烘焙燕麥棒????穀物·水果·奶油·各種美味原料烘焙而成·Mother Earth,3081,7,全家,Mother Earth
AMAZIN' GRAZE 堅果穀物燕麥脆片-香蕉蜂蜜250G,2998,2,全家,Amazin graze
頂級鮮奶優酪-莓果穀物脆片130g*2#223128,2840,21,全家,福樂
光泉P130頂級鮮奶優酪-莓果穀物脆片130g,2692,58,全家,光泉
光泉 頂級鮮奶優酪莓果穀物脆片 130gx2入,2646,31,全家,光泉
代收-Calorie卡路里-燕麥穀物棒250g,2489,31,全家,卡路里
【Fuchs福紅】水果穀物脆片/野莓穀麥/蘋果燕麥/紅蘋果穀物脆片任選x1包,2468,6,全家,福紅
[大量現貨] 雀巢纖怡草莓穀物棒 天然谷 綜合口味燕麥棒 天然谷穀物棒  COSTCO 好市多 雀巢 Fitnesse,2402,18,全家,雀巢
綜合水果穀物脆片,2380,7,全家,福樂
穀物水果脆片(栗香紫薯),2375,6,全家,福樂
雀巢 可可脆片穀物棒25g 6入 最新效期 可可脆片 穀物棒 點心,2278,10,全家,雀巢
日清-豐盛果實綜合水果穀物脆片,2202,10,全家,日清
"限時 ！任選四盒免運！(暖之森 妳要的燕麥棒！可可印加果(一盒)-一盒X1,暖之森 妳要的燕麥棒！抹茶多穀物(一盒)-一盒X3)",2200,1,全家,暖之森
光泉頂級鮮奶優酪苺果穀物脆片130g(2入),2108,26,全家,光泉
【單支】歐洲進口 雀巢 纖怡巧克力穀物棒 可可脆片穀物棒 玉米脆片穀物棒 早餐棒 燕麥 穀物 小麥 巧克力 可可,2026,21,momo,雀巢
【營養補給】海苔 堅果 蔓越莓 野菽家營養棒(7條/盒) 蛋白棒 燕麥棒 能量棒 穀物棒 藜麥 營養棒 膳食纖維 代餐棒,1995,3,momo,野菽家
穀物脆片150g,1990,14,momo,福樂
義美芝麻燕麥多穀物蘇打135g,1989,37,momo,義美
【暖之森】妳要的燕麥棒！二入組 紅藜蔓越莓＋抹茶多穀物(即食早餐、愜意下午茶、能量小點),1976,2,momo,暖之森
MYPROTEIN 盒裝 高蛋白棒 蛋白點心 營養棒 乳清蛋白 高蛋白點心 燕麥棒 穀物棒 脆米棒 烘焙餅乾,1956,3,momo,福樂
Fuchs福紅水果穀物脆片,1938,7,momo,福紅
代收代付 - GRANOLA HOUSE 燕麥棒 32g/支 穀物 營養 運動 低熱量 低卡 蔓越莓,1817,61,momo,Granola House
Hipp 喜寶 生機寶寶 米精/燕麥精/綜合黃金穀物精200g,1810,4,momo,喜寶
【瘋狂嚴選】喜瑞爾 早餐穀物脆片 香甜 玉米 草莓 脆片 巧克力 五彩球 珍珠 奶茶 抹茶 拿鐵 六款任選  現貨,1806,7,momo,喜瑞爾
KHLOE 植物奶｜好歐燕麥 即溶燕麥粉 隨身包 沖泡式燕麥粉 燕麥粉 即食燕麥 沖泡穀粉 沖泡穀物,1800,2,momo,KHLOE
卡路里 燕麥穀物棒 250g 蝦皮直送 現貨 (部分即期),1780,2,momo,卡路里
家樂氏Special K香脆麥米片早餐穀物脆片-藍莓杏仁 好市多熱銷款,1698,6,momo,家樂氏
【家樂氏】Special K香脆麥米片早餐穀物脆片-藍莓杏仁370gx3盒組(好市多熱銷款),1695,1,momo,家樂氏
Venosta麥佳富莓果穀物脆片375g,1680,6,momo,福樂
Amazin graze堅果穀物燕麥脆片250g-香蕉蜂蜜口味(含膳食纖維、非油炸),1669,7,momo,Amazin graze
自製穀物脆片150g,1650,6,momo,福樂
COSTCO代購 天然谷/綜合纖脆燕麥棒/草莓穀物棒/黑巧克力風味堅果棒,1642,9,momo,天然谷
卡路里燕麥穀物棒 250g【愛買】,1548,5,momo,卡路里
【Amazin graze】堅果穀物燕麥脆片-蜂蜜香蕉250gx1入,1498,7,momo,Amazin graze
Amazin graze堅果穀物燕麥脆片250g-椰糖口味(全素、高纖、非油炸),1442,6,momo,Amazin graze
雀巢 玉米脆片穀物棒20g 24入(盒)  玉米脆片點心棒 穀物棒 玉米脆片,1440,3,momo,雀巢
頂級鮮奶優格－莓果穀物脆片,1438,33,momo,福樂
amazin’graze堅果穀物燕麥脆片/ 香蕉蜂蜜,1400,4,momo,Amazin graze
Fuchs福紅紅蘋果穀物脆片3,1395,4,momo,福紅
家樂氏可可球330g 早餐穀物脆片買兩包送贈品,1366,7,momo,家樂氏
【家樂氏】可可球330g 早餐穀物脆片,1331,7,momo,家樂氏
ar藍苺枸杞堅果穀物燕麥脆片250g,1325,5,momo,ar
義大利 Fuchs 福紅 蘋果 燕麥穀片 穀物脆片 300g Fuchs Cereals oat shells with red apples,1325,3,momo,福紅
3件組合價388?紐西蘭烘焙美味燕麥棒????穀物·水果·奶油·各種美味原料烘焙而成·Mother Earth,1313,4,momo,Mother Earth
AmazinGraze馬來西亞堅果穀物燕麥脆片-榛果巧克力  (250g/包),1250,5,momo,Amazin graze
家樂氏什錦果麥-葡萄乾、杏仁果口味 375g 早餐穀物脆片買兩包送贈品,1243,5,momo,家樂氏
卡路里-燕麥穀物棒 250g,1206,13,momo,卡路里
卡路里 燕麥穀物棒 250g 蝦皮直送 現貨,1157,11,momo,卡路里
?供電子發票.超好吃紐西蘭燕麥棒Mother Earth 烘培燕麥棒 穀物·水果·奶油8種口味選擇(可混搭)現貨,1131,3,momo,Mother Earth
麥佳富巧克榛果穀物脆片375g,1120,4,momo,福樂
《西川米店》新鮮雜糧 燕麥/大麥/藜麥/蕎麥/高粱/薏仁 250g小包裝 6包免運副食品生機穀物粗食全穀類 燕麥粒/大麥,1110,2,momo,西川米店
AmazinGraze馬來西亞堅果穀物燕麥脆片-藍苺枸杞 (250g/包),1106,4,momo,Amazin graze
【POST】玉米燕麥穀物片300g-350g(藍莓/巧克力核桃/蔓越莓),1085,4,momo,POST
ar香蕉蜂蜜堅果穀物燕麥脆片250g,1060,3,momo,福樂
家樂氏格格脆330g 早餐穀物脆片 家樂氏全系列商品買2包送30gx1包,1055,6,momo,家樂氏
光泉頂級鮮奶優酪苺果穀物脆片130g(單罐),1049,26,momo,光泉
【高現金優惠｜穩定代謝】暖之森 妳要的燕麥棒！抹茶多穀物 (六包/盒)-一盒,1040,2,momo,暖之森
9555865600021Amazin graze堅果穀物燕麥脆片250g-椰糖口味(全素、高纖、非油炸),1022,4,momo,Amazin graze
光泉莓果穀物脆片優格130g,1008,23,momo,光泉
頂級鮮奶優酪(莓果穀物脆片) #223128,943,10,momo,福樂
【五全食品】加拿大野米 150g 300g 香米 印第安稻 水燕麥 燉飯料理 微量元素 穀物第一 全程冷凍保鮮 獨特香氣,920,4,momo,五全食品
天然谷 綜合口味燕麥棒 42公克 X 40條 免運附發票 最新效期 能量棒 燕麥棒 穀物棒 營養棒,916,2,momo,天然谷
【迪西美食】 台灣出貨 家樂氏巧克力莓果纖穀脆 220公克 X 3包 巧克力莓果纖穀脆 纖穀脆 纖穀脆早餐穀物脆片,908,1,momo,家樂氏
鮮奶優酪-莓果穀物脆片2入,897,9,momo,福樂
1590-福紅PURO綜合水果穀物脆片,874,3,momo,福樂
?【蝦幣10倍送‼️我超便宜】天然谷 燕麥棒 市價29元?Nature Valley 單包販售 穀物棒 好市多,852,3,momo,天然谷
麥佳富莓果穀物脆片375g,840,3,momo,麥佳富
【家樂氏】 Special K原味香脆麥米片205g 早餐穀物脆片,817,3,momo,家樂氏
ar榛果巧克力堅果穀物燕麥脆片250g,795,3,momo,ar
光泉頂級鮮奶優酪莓果穀物脆片130g,792,19,momo,福樂
amazin’graze堅果穀物燕麥脆片/ 榛果巧克力/ 4,770,8,momo,Amazin graze
amazin'graze堅果穀物燕麥脆片/ 藍苺枸杞,750,1,momo,Amazin graze
光泉-頂級鮮奶優格-莓果穀物脆片,742,14,momo,光泉
【雀巢】早餐穀物棒3入盒裝 可可脆片穀物棒/纖怡巧克力穀物棒,735,9,momo,雀巢
澳洲燕麥（已殺菌處理）/鸚鵡飼料/單一穀物,730,11,momo,福樂
義美芝麻燕麥多穀物蘇打餅(量)  270g,724,9,momo,義美
【Fuchs福紅】綜合水果穀物脆片350gx1包,700,2,momo,福紅
【暖之森】妳要的燕麥棒！抹茶多穀物 1盒(即食早餐、愜意下午茶、能量小點),698,1,momo,暖之森
【雀巢‼️巧克力穀物棒?】單隻✨雀巢 纖怡巧克力穀物棒 可可脆片穀物棒 巧克力穀物棒 燕麥 穀物 小麥 巧克力 早餐棒,698,7,momo,雀巢
【家樂氏】東尼可可玉米片200g早餐穀物脆片,693,7,momo,家樂氏
澳洲 SunBites Grain 全穀物波浪造型脆片 餅乾 洋蔥酸奶 莎莎醬 焦糖洋蔥【Sunny Buy】,660,3,momo,SunBites Grain
雀巢 可可脆片穀物棒 美祿穀物棒 纖怡穀物棒 玉米脆片穀物棒 點心隨身包 點心棒 巧克力穀物棒,659,2,momo,雀巢
【Fuchs福紅】紅蘋果穀物脆片350gx1包,648,2,momo,福紅
燕麥棒 天然谷燕麥棒  蜂蜜 黑巧克力 加拿大楓糖 穀物棒 能量棒 cotsco好市多代購 早餐棒 【QD代購】,640,1,momo,天然谷
amazin’graze堅果穀物燕麥脆片/ 香蕉蜂蜜/ 40,630,9,momo,Amazin graze
Costco好市多代購 天然谷 綜合口味燕麥棒 42公克X 40條 免運附發票 最新效期 能量棒 燕麥棒 穀物棒 營養棒,622,1,momo,天然谷
Calorie卡路里-燕麥穀物棒250g,614,13,momo,卡路里
代收-Calorie 卡路里~燕麥穀物棒(250g)奶素【D721662】,601,5,momo,卡路里
【Miss V Bakery】蜂蜜穀物脆片,600,1,momo,Miss V Bakery
蔓越莓堅果燕麥穀物,600,4,momo,福樂
【五全食品】加拿大野米 300g 香米 印第安稻 水燕麥 燉飯料理 微量元素 穀物第一 全程冷凍保鮮 獨特香氣,598,1,momo,五全食品
福紅PURO紅蘋果穀物脆片,588,2,momo,福紅
1588-福紅PURO紅蘋果穀物脆片,576,2,momo,福紅
9555865600038Amazin graze堅果穀物燕麥脆片250g-香蕉蜂蜜口味(含膳食纖維、非油炸),560,2,momo,Amazin graze
麥佳富水果穀物脆片375g,560,2,momo,麥佳富
amazin’graze堅果穀物燕麥脆片/ 藍苺枸杞/ 40,560,7,momo,Amazin graze
【最新效期】喜瑞爾天然穀物玉米脆片/甜玉米、巧克力、五彩球、草莓、抹茶風味、珍珠奶茶風味、青檸派對穀物/cerear,550,5,momo,喜瑞爾
家樂氏什錦果麥-南瓜籽、葡萄、蘋果、桃、杏仁果口味 375g早餐穀物脆片,548,3,momo,家樂氏
AmazinGraze馬來西亞堅果穀物燕麥脆片-香蕉蜂蜜 (250g/包),532,2,momo,Amazin graze
頂級鮮奶優酪莓果穀物脆片,525,11,momo,福樂
【美安高IBV積點/高現金回饋】暖之森 妳要的燕麥棒！抹茶多穀物(一盒)-一盒,520,1,momo,暖之森
燕麥營養棒 GRANOLA HOUSE 零食 穀物 營養 運動 登山 低熱量 低卡 巧克力,500,1,momo,Granola House
芝麻燕麥多穀物蘇打133g,495,13,momo,福樂
光泉 頂級鮮乳優酪-莓果穀物脆片130g,490,14,momo,光泉
AmazinGraze馬來西亞堅果穀物燕麥脆片-椰糖  (250g/包),474,2,momo,Amazin graze
雀巢 可可脆片穀物棒 美祿穀物棒 纖怡穀物棒 玉米脆片穀物棒 任選20條加贈送 點心隨身包 巧克力穀物棒 點心棒,460,3,momo,雀巢
穀物水果脆片(經典原味),460,1,momo,福樂
Post 玉米燕麥穀物片-蔓越莓味(350g),458,1,momo,POST
妳要的燕麥棒-抹茶多穀物,442,1,momo,暖之森
《munchy's》麥奇原味蘇打餅｜馬來西亞 健康 低鹽 少油 原味 燕麥 穀物 酥脆 蘇打餅｜大掌櫃團購,440,6,momo,福樂
amazin'graze堅果穀物燕麥脆片/ 香蕉蜂蜜,431,2,momo,Amazin graze
歐洲進口 雀巢 纖怡巧克力穀物棒 可可脆片穀物棒 玉米脆片穀物棒 早餐棒 燕麥 穀物 小麥 巧克力 可可,427,9,momo,雀巢
AG堅果穀物燕麥脆片-榛果巧克力40g,406,5,momo,AG
嗶嘎啦 燕麥脆片益生元 早餐穀物脆片 代餐 我(200公克),390,1,momo,嗶嘎啦
[巧米多]燕麥穀物脆片-原味,360,2,momo,巧米多
【Sunny Buy】◎即期◎澳洲 SunBites Grain 全穀物波浪造型脆片 餅乾洋蔥酸奶 莎莎醬焦糖洋蔥,360,1,momo,嗶嘎啦
優群燕麥穀物棒250g,356,4,momo,優群
澳洲燕麥（已殺菌處理）鸚鵡飼料穀物/包裝可透明包/可夾鏈真空,340,5,momo,福樂
【家樂氏】什錦果麥-葡萄乾、杏仁果口味 375g 早餐穀物脆片買兩包送贈品,338,1,momo,家樂氏
POST 玉米燕麥穀物片(蔓越莓味)350g【小三美日】DS004867,338,2,momo,POST
雀巢 可可脆片穀物棒25g*6入 最新效期 可可脆片 穀物棒 最新效期 天天出,336,3,momo,雀巢
朱古力燕麥穀物脆,324,3,momo,朱古力
天天出貨【脆萃纖 燕麥脆米花  燕麥穀物】 酥脆好吃 幫助消化 專利益生菌+膳食纖維 小麥的家 Granola hou,312,1,momo,福樂
紐西蘭烘焙美味燕麥棒????穀物·水果·奶油·各種美味原料烘焙而成·Mother Earth,298,2,momo,Mother Earth
POST玉米燕麥穀物片-巧克力核桃味300g包(10)箱,287,3,momo,POST
速纖 穀多田 穀物燕麥飲/紫米紅豆飲 12瓶/箱(300ml/瓶)-穀物奶x1,270,1,momo,穀多田
ar椰糖堅果穀物燕麥脆片250g,265,1,momo,ar
Amazin graze堅果穀物燕麥脆片-榛果巧克力250g,252,1,momo,Amazin graze
AMAZIN' GRAZE 堅果穀物燕麥脆片-椰糖250G,238,1,momo,Amazin graze
AMAZIN' GRAZE 堅果穀物燕麥脆片-藍莓枸杞250G,238,1,momo,Amazin graze
AMAZIN' GRAZE 堅果穀物燕麥脆片-榛果巧克力250G,238,1,momo,Amazin graze
POST 玉米燕麥穀物片(巧克力核桃味)300g【小三美日】DS004865,229,1,momo,POST
8801037050141Post 玉米燕麥穀物片(藍莓味)310g,229,1,momo,POST
Post 玉米燕麥穀物片-藍莓味(310g),229,1,momo,POST
8801037040791Post 玉米燕麥穀物片(蔓越莓味)350g,229,1,momo,POST
8801037066104Post 玉米燕麥穀物片(巧克力核桃味)300g,229,1,momo,POST
＜北站鳥園＞燕麥 / 寵物鳥、中小型鸚鵡用、小動物 / 分裝飼料 / 營養穀物,225,6,momo,北站鳥園
光泉頂級鮮奶優酪乳-苺果穀物脆片,216,3,momo,光泉
家樂氏東尼可可玉米片200g早餐穀物脆片,216,2,momo,家樂氏
GRANOLA HOUSE 燕麥棒 盒裝 6入/1入  零食 穀物 營養 運動 登山 減重 低熱量 低卡 巧克力,210,1,momo,Granola House
雀巢 可可脆片穀物棒 美祿穀物棒 纖怡穀物棒 玉米脆片穀物棒 點心隨身包 巧克力穀物棒 點心棒,204,2,momo,雀巢
Calorie 卡路里 燕麥穀物棒(250g)奶素【小三美日】D721662,198,2,momo,卡路里
【法爵】 燕麥奶生吐司/OATLY燕麥奶/穀物香氣/柔軟濕潤/防疫糧食/團購美食/早餐/點心,195,1,momo,法爵
amazin'graze堅果穀物燕麥脆片/ 榛果巧克力,188,1,momo,Amazin graze
POST 玉米燕麥穀物片(藍莓味)310g【小三美日】DS004863,179,1,momo,POST
X卡路里-燕麥穀物棒 250g/袋,178,2,momo,卡路里
【單入嚐鮮】海苔 堅果 蔓越莓 野菽家營養棒(1入) 蛋白棒 燕麥棒 能量棒 穀物棒 藜麥 營養棒 膳食纖維 代餐棒,168,2,momo,野菽家
雀巢 可可脆片穀物棒 美祿穀物棒 纖怡穀物棒 玉米脆片穀物棒 任選20條加贈送 點心隨身包 點心棒 巧克力穀物棒,164,2,momo,雀巢
【迪西美食】 台灣出貨 家樂氏巧克力莓果纖穀脆 220公克 巧克力莓果纖穀脆 纖穀脆 纖穀脆早餐穀物脆片 早餐 穀物脆片,163,1,momo,家樂氏
光泉頂級鮮奶優酪莓果穀物脆片 130g*2 2022-04-01 d0hh-n4m2,160,1,momo,光泉
光泉頂級鮮奶優酪莓果穀物脆片 130g*2 2022-04-07 k7yc-zp5v,160,1,momo,光泉
光泉 頂級鮮奶優酪莓果穀物脆片 130gx2入 2022-09-27 d5os-o39u,160,1,momo,光泉
光泉頂級鮮奶優酪莓果穀物脆片 130g*2 2022-02-22 d5os-op6x,160,1,momo,光泉
光泉頂級鮮奶優酪莓果穀物脆片 130g*2 2022-05-04 k7yc-n37t,160,1,momo,光泉
光泉 頂級鮮奶優酪莓果穀物脆片 130gx2入 2022-10-13 d13m-6j90,160,1,momo,光泉
光泉頂級鮮奶優酪莓果穀物脆片 130g*2 2022-05-24 ye59-8x80,160,1,momo,光泉
光泉頂級鮮奶優酪莓果穀物脆片 130g*2 2022-03-10 e0xv-0lc8,160,1,momo,光泉
光泉頂級鮮奶優酪莓果穀物脆片 130g*2 2022-03-30 lc2j-rrbz,160,1,momo,光泉
光泉頂級鮮奶優酪莓果穀物脆片 130g*2 2022-06-03 k7yc-uore,160,1,momo,光泉
光泉 頂級鮮奶優酪莓果穀物脆片 130gx2入 2022-11-06 ye59-oelt,160,1,momo,光泉
光泉頂級鮮奶優酪莓果穀物脆片 130g*2 2022-01-10 d5os-52ry,152,1,momo,光泉
燕麥穀物,150,1,momo,福樂
卡路里燕麥穀物棒250g/袋  【大潤發】,150,1,momo,卡路里
【Sunny Buy】◎現貨◎澳洲 SunBites Grain 全穀物波浪造型脆片 餅乾 洋蔥酸奶 莎莎醬 焦糖洋蔥,150,1,momo,SunBites Grain
代收代付 - GRANOLA HOUSE 燕麥脆米花 盒裝6入 脆米花 穀物 益生菌 零食 巧克力/,145,1,momo,GRANOLA HOUSE
光泉優格-莓果穀物脆片130ml,140,3,momo,福樂
光泉頂級鮮奶優格－莓果穀物脆片１３０ｍｌ／單,140,3,momo,光泉
AmazinGraze馬來西亞堅果穀物燕麥脆片-榛果巧克力 (40g/包),132,2,momo,Amazin graze
家樂氏 Special K原味香脆麥米片205g 早餐穀物脆片買兩包送贈品,119,1,momo,家樂氏
【O! grae】格蘭諾拉穀物玉米脆片 300g / FLAKES 怪物玉米脆片 280g 【月星球】,118,2,momo,格蘭諾拉
代收代付 - GRANOLA HOUSE 燕麥脆米花 32g/包 脆米花 穀物 益生菌 零食 巧克力,114,4,momo,GRANOLA HOUSE
[現貨+發票] 雀巢纖怡草莓穀物棒 天然谷 綜合口味燕麥棒 天然谷穀物棒  COSTCO 好市多 雀巢 Fitnesse,112,2,momo,雀巢
光泉-莓果穀物脆片優酪130g*,105,3,momo,光泉
004(0714七)-【O! grae】(限有消費者加購)燕麥穀物*3(詳細內容如商品描述),100,1,momo,格蘭諾拉
GRANOLA HOUSE 小麥的家 燕麥棒 飽足感 營養棒 健康零食 營養穀物 減脂運動 低熱量 零食 低卡減肥聖品《DA量販店,99,1,momo,Granola House
多穀物米餅(燕麥椰奶)60g 穀物 糙米 燕麥 椰奶 奶素 非油炸 零膽固醇 膳食纖維 休閒食品 現貨 【神農嚴選】,90,1,momo,Amazin graze
Calorie卡路里 燕麥穀物棒 250g【家樂福】,87,1,momo,卡路里
舞味本舖 恐龍餅乾 好麗友 波浪脆片餅乾 大蒜麵包脆片餅乾 辣味穀物脆片餅乾 ORION,82,2,momo,福樂
光泉 頂級鮮奶優酪莓果穀物脆片 130gx2入 2022-10-23 l4hr-uneh,80,1,momo,光泉
光泉頂級鮮奶優酪莓果穀物脆片 130g*2 2022-04-28 l4hr-7uo4,80,1,momo,光泉
光泉頂級鮮奶優酪莓果穀物脆片 130g*2 2022-07-03 f8w3-q0qf,80,1,momo,光泉
光泉 頂級鮮奶優酪莓果穀物脆片 130gx2入 2022-11-22 m9tt-8uo5,80,1,momo,光泉
光泉頂級鮮奶優酪莓果穀物脆片 130g*2 2022-02-23 ye59-opcw,80,1,momo,光泉
光泉 頂級鮮奶優酪莓果穀物脆片 130gx2入 2022-10-09 m9tt-fmpx,80,1,momo,光泉
光泉頂級鮮奶優酪莓果穀物脆片 130g*2 2022-01-28 ye59-n7ir,80,1,momo,光泉
光泉頂級鮮奶優酪莓果穀物脆片 130g*2 2022-05-15 f8w3-h1to,80,1,momo,光泉
光泉頂級鮮奶優酪莓果穀物脆片 130g*2 2022-01-23 k7yc-kjfu,80,1,momo,光泉
光泉頂級鮮奶優酪莓果穀物脆片 130g*2 2022-07-03 k7yc-tth3,80,1,momo,光泉
光泉 頂級鮮奶優酪莓果穀物脆片 130gx2入 2022-10-31 r8gm-iqd7,80,1,momo,光泉
光泉頂級鮮奶優酪莓果穀物脆片 130g*2 2022-04-24 k7yc-xtt0,80,1,momo,光泉
光泉 頂級鮮奶優酪莓果穀物脆片 130gx2入 2022-10-31 d0hh-yifz,80,1,momo,光泉
光泉 頂級鮮奶優酪莓果穀物脆片 130gx2入 2022-10-31 k7yc-i5h5,80,1,momo,光泉
光泉 頂級鮮奶優酪莓果穀物脆片 130gx2入 2022-11-05 ye59-j0ki,80,1,momo,光泉
光泉頂級鮮奶優酪莓果穀物脆片 130g*2 2022-04-12 e0xv-eqcc,80,1,momo,光泉
光泉頂級鮮奶優酪莓果穀物脆片 130g*2 2022-04-09 k7yc-pfz5,80,1,momo,光泉
光泉頂級鮮奶優酪莓果穀物脆片 130g*2 2022-05-08 e0xv-iu8e,80,1,momo,光泉
光泉頂級鮮奶優酪莓果穀物脆片 130g*2 2022-04-20 rfgc-dhp8,80,1,momo,光泉
光泉 頂級鮮奶優酪莓果穀物脆片 130gx2入 2022-09-09 f8w3-ffrb,80,1,momo,光泉
光泉頂級鮮奶優酪莓果穀物脆片 130g*2 2022-04-03 r8gm-8fcn,80,1,momo,光泉
光泉頂級鮮奶優酪莓果穀物脆片 130g*2 2022-08-18 k7yc-jyi8,80,1,momo,光泉
光泉頂級鮮奶優酪莓果穀物脆片 130g*2 2022-02-04 o4ti-jypi,80,1,momo,光泉
光泉頂級鮮奶優酪莓果穀物脆片 130g*2 2022-05-05 ec4p-263s,80,1,momo,光泉
光泉頂級鮮奶優酪莓果穀物脆片 130g*2 2022-08-11 e6cp-fybl,80,1,momo,光泉
光泉 頂級鮮奶優酪莓果穀物脆片 130gx2入 2022-09-15 k7yc-hwxq,80,1,momo,光泉
光泉頂級鮮奶優酪莓果穀物脆片 130g*2 2022-04-21 k7yc-cqc7,80,1,momo,光泉
光泉 頂級鮮奶優酪莓果穀物脆片 130gx2入 2022-09-04 ye59-ud5e,80,1,momo,光泉
光泉頂級鮮奶優酪莓果穀物脆片 130g*2 2022-02-16 k7yc-xbh9,80,1,momo,光泉
光泉 頂級鮮奶優酪莓果穀物脆片 130gx2入 2022-10-21 ye59-4675,80,1,momo,光泉
光泉頂級鮮奶優酪莓果穀物脆片 130g*2 2022-03-03 d5os-o6lk,80,1,momo,光泉
義美 芝麻燕麥多穀物蘇打餅乾(270g/盒)(270g/盒)[大買家],79,1,momo,義美
【蝦幣10倍送‼️我超便宜】單隻✨雀巢 纖怡巧克力穀物棒 可可脆片穀物棒 巧克力穀物棒 早餐棒 燕麥 穀物 小麥 巧克力,78,1,momo,雀巢
義美大燕麥多穀物蘇打餅乾,77,2,momo,義美
代收代付 - GRANOLA HOUSE 燕麥脆米花 4包組 [32g/包] 脆米花 穀物 益生菌,76,1,momo,GRANOLA HOUSE
光泉 頂級鮮奶優酪莓果穀物脆片 130g*2,72,1,momo,光泉
⭐好市多代購現貨⭐ Nature Valley 天然谷 燕麥棒 穀物棒 營養棒 蜂蜜 / 楓糖 / 黑巧克力(良品小倉),72,1,momo,天然谷
光泉舊果穀物脆片,70,2,momo,福樂
光泉鮮奶優格(莓果穀物脆片),70,2,momo,福樂
鮮奶優酪莓果穀物脆片,70,2,momo,福樂
AG堅果穀物燕麥脆片-藍莓枸杞40g,70,1,momo,AG
義美芝麻燕麥多穀物蘇打餅乾270g/盒  【大潤發】,67,1,momo,義美
AmazinGraze馬來西亞堅果穀物燕麥脆片-香蕉蜂蜜 (40g/包),66,1,momo,Amazin graze
《義美》芝麻燕麥多穀物蘇打餅乾(270g/盒)(270g/盒),66,1,momo,義美
光泉頂級鮮奶優酪莓果穀物脆片 130g*2 2022-03-14 ye59-xqej,63,1,momo,光泉
小杯穀物脆片優格,50,1,momo,福樂
＜北站鳥園＞燕麥 / 寵物鳥、鸚鵡用 / 分裝飼料 / 營養穀物,40,1,momo,北站鳥園
光泉鮮奶優酪莓果穀物脆片130g,40,1,momo,光泉
芝麻燕麥多穀物酥打,39,1,momo,福樂
光泉頂級鮮奶優格－莓果穀物脆片,35,1,momo,光泉
光泉鮮奶優格苺果穀物脆片,35,1,momo,光泉
卡路里燕麥穀物棒250g,30,1,momo,卡路里
可可穀物脆片,25,1,momo,福樂
蜂蜜星星穀物脆片,23,1,momo,福樂
美祿可可球穀物脆片,23,1,momo,福樂
雀巢 玉米脆片穀物棒20g單條(黃圖白色包裝)  穀物棒 玉米脆片 點心棒 隨手包點心 早餐脆片 天天出,23,1,momo,雀巢
