name,totals,nums,channel
光泉莓果穀物脆片鮮奶,"801,300","17,758",好市多
光泉莓果穀物脆片,"376,408","4,646",好市多
光泉莓果穀物脆片鮮奶優格,"139,088","3,064",好市多
光泉頂級鮮奶優酪-莓果穀物脆片(4℃/130g),"63,280","1,381",好市多
卡路里燕麥穀物,"87,253",956,好市多
頂級鮮奶優酪-莓果穀物脆片130g*2[130g*2],"76,680",909,好市多
芝麻燕麥多穀物,"28,443",753,好市多
雀巢穀物棒25g-可可脆片,"17,398",509,好市多
義美芝麻燕麥多穀物蘇打餅乾270g/盒[270g/盒],"29,436",399,好市多
燕麥穀物棒250g,"31,286",341,好市多
【家樂氏】纖穀脆早餐穀物脆片-豐富堅果、 超級莓果、嚴選果實、黑巧野莓 300g,"129,435",275,好市多
卡路里燕麥穀物棒250g/袋[250g/袋],"24,601",272,好市多
日清焦糖穀物麥片,"34,765",165,好市多
雀巢穀物棒20g-玉米脆片,"5,482",148,全聯
家樂氏 早餐穀物脆片 格格脆/可可球/玉米片/可可片/香果圈/香蕉玉米片 麥片 九款任選 蝦皮直送,"22,626",96,好市多
Granola House 小麥的家 纖脆燕麥棒 穀物棒 膳食纖維 燕麥 運動 熱量 飽足感,"13,815",96,好市多
義美 芝麻燕麥多穀物蘇打餅乾270g,"9,804",87,全聯
FUCHS 福紅綜合水果穀物脆片 3,"39,200",82,好市多
光泉頂級鮮奶優酪莓果穀物脆片 130g*2,"7,378",82,全聯
光泉頂級鮮奶優酪-莓果穀物脆片130,"3,627",81,7-11
【北港農友】即時燕麥片，熟食燕麥片穀物，沖泡燕麥片，大燕麥片 / 小燕麥片 都有，600g,"8,820",68,全聯
大頭叔叔 穀物水果麥片/栗香紫薯,"194,580",67,好市多
代收代付 - GRANOLA HOUSE 燕麥棒 32g/支 穀物 營養 運動 低熱量 低卡 蔓越莓,"1,817",61,momo
FUCHS 福紅紅蘋果穀物脆片 35,"21,700",58,好市多
福紅綜合水果穀物脆片,"21,700",58,好市多
498936@卡路里燕麥穀物棒 250G,"5,692",58,全聯
光泉P130頂級鮮奶優酪-莓果穀物脆片130g,"2,692",58,全家
【盒裝】歐洲進口 雀巢 纖怡巧克力穀物棒 可可脆片穀物棒 玉米脆片穀物棒 早餐棒 燕麥 穀物 小麥 巧克力 可可,"20,081",56,好市多
[荷蘭 Jason] 捷森 奇亞籽穀物麥片(500g/包),"7,441",55,全聯
【家樂氏】纖穀脆早餐穀物脆片(4入組) 豐富堅果、 超級莓果、嚴選果實、黑巧野莓 300g,"42,090",54,好市多
紅蘋果穀物脆片,"15,999",53,好市多
[瑞典 AXA] 巧克力堅果穀物麥片 (375g/盒),"15,576",53,好市多
POST 燕麥 多穀物 早餐 麥片 水果 草莓 無糖 藍莓 杏仁 香蕉 堅果 胡桃 蔓越莓 小紅莓 蜂蜜 穀片,"19,954",51,好市多
福紅紅蘋果穀物脆片,"17,789",50,好市多
脆妮妮 寶寶餅乾 磨牙棒 低鈉牛奶 藜麥 燕麥 多穀物 美好人生 金箍點心棒 磨牙餅乾 副食品 0860,"7,132",48,全聯
喜瑞爾 早餐穀物麥片 喜瑞爾香甜玉米脆片185g、草莓脆片185g、巧克力脆片185g、五彩球160g,"6,987",44,全聯
卡路里燕麥穀物棒,"3,829",44,7-11
家樂氏Special K香脆麥米片早餐穀物脆片-藍莓杏仁 costco 好市多熱銷款,"10,071",43,好市多
【Amazin graze】堅果穀物燕麥脆片-榛果巧克力250gx1入,"11,985",40,好市多
[荷蘭 Jason傑森] 六種穀物麥片 (500g/包),"7,816",40,全聯
天天出貨【Granola House 小麥的家 纖脆 燕麥棒】 穀物棒 膳食纖維 飽足感,"30,449",39,好市多
【Amazin graze】堅果穀物燕麥脆片-藍莓枸杞250gx1入,"10,024",38,好市多
義美芝麻燕麥多穀物蘇打135g,"1,989",37,momo
【卡路里】燕麥穀物棒 250g/袋(天然穀物棒富含多種天然營養),"7,331",36,全聯
Fuchs紅蘋果穀物脆片350g,"12,950",35,好市多
日清 綜合水果穀物脆 豐盛果實 宇治抹茶 楓糖果實 nissin 香港 脆片 麥片 穀物 500g,"12,368",34,好市多
家樂氏可可力350g早餐穀物脆片 買兩包送贈品,"10,538",33,好市多
頂級鮮奶優格－莓果穀物脆片,"1,438",33,momo
【樂扣樂扣】2way元氣穀物樂活杯(麥片、牛奶、防漏),"8,683",32,全聯
[瑞士全家] 蜂蜜草莓綜合穀物早餐麥片 (500g/包),"7,807",32,全聯
舞味本舖 日清 日清麥片 穀物 堅果巧克力味麥片,"7,451",32,全聯
[瑞典 AXA] 亞麻籽莓果穀物麥片 (375g/盒),"7,175",32,全聯
日清宇治抹茶綜合水果穀物脆片,"8,004",31,全聯
[瑞士全家] 巧克力綜合穀物早餐麥片 (500g/包),"7,199",31,全聯
光泉 頂級鮮奶優酪莓果穀物脆片 130gx2入,"2,646",31,全家
代收-Calorie卡路里-燕麥穀物棒250g,"2,489",31,全家
脆妮妮 寶寶餅乾 磨牙棒 低鈉牛奶 低鈉藜麥 燕麥 多穀物 牛奶磨牙餅 0860 副食品 Nutrinini,"4,060",30,7-11
世界GO 日本 日清シスコーン BIG 早餐片 早餐玉米片 麵包造型穀物麥片 巧克力圈圈 玉米脆片 可可 楓糖 日清麥片,"5,114",29,7-11
家樂氏 早餐穀物脆片 格格脆/可可球/玉米片/可可片/香果圈/香蕉玉米片 麥片 九款任選 蝦皮直送 (部分即期),"6,370",28,全聯
雀巢 可可脆片穀物棒 美祿穀物棒 纖怡穀物棒 玉米脆片穀物棒 點心隨身包  可可脆片 巧克力穀物棒,"6,194",27,全聯
CARMAN’S綜合莓果穀物麥片 5,"6,183",27,全聯
Fuchs福紅蘋果穀物脆片,"8,340",26,全聯
光泉頂級鮮奶優酪苺果穀物脆片130g(2入),"2,108",26,全家
光泉頂級鮮奶優酪苺果穀物脆片130g(單罐),"1,049",26,momo
【Fuchs福紅】綜合水果穀物脆片/野莓穀麥片/蘋果燕麥片/紅蘋果穀物脆片任選x2包,"15,832",25,好市多
天然谷 燕麥棒 市價29元?Nature Valley  蜂蜜 單包販售 穀物棒 好市多［ 蝦皮團購 ］,"3,915",24,7-11
AMAZIN' GRAZE 堅果穀物燕麥脆片-藍莓枸杞250g,"8,400",23,全聯
【家樂氏】纖穀脆早餐穀物脆片-豐富堅果、 超級莓果、嚴選果實、黑巧野莓 330g,"6,784",23,全聯
[瑞典 AXA] 綜合莓果穀物麥片 (270g/包) (奶素,"5,792",23,全聯
熱銷可刷卡秒出貨?公司貨有發票? 綜合纖脆燕麥棒 雀巢纖怡草莓穀物棒 天然谷綜合燕麥棒 營養棒,"4,262",23,7-11
光泉莓果穀物脆片優格130g,"1,008",23,momo
?【全口味‼️E發票】天然谷 燕麥棒 市價29元?Nature Valley  三種口味 單包販售 穀物棒 好市多,"4,302",22,7-11
Daily Boost 紫薯山藥穀物麥片[200g],"2,288",22,全家
頂級鮮奶優酪-莓果穀物脆片130g*2#223128,"2,840",21,全家
【單支】歐洲進口 雀巢 纖怡巧克力穀物棒 可可脆片穀物棒 玉米脆片穀物棒 早餐棒 燕麥 穀物 小麥 巧克力 可可,"2,026",21,momo
【Amazin graze】堅果穀物燕麥脆片-椰糖250gx1入,"5,222",20,7-11
AMAZIN' GRAZE 堅果穀物燕麥片-粉紅莓果40gx6包(沖泡式),"8,120",19,全聯
[瑞典 AXA] 莓果優格穀物麥片 (320g/包) (奶素,"5,143",19,7-11
【家樂氏】Special K香脆麥米片早餐穀物脆片-藍莓杏仁 costco 好市多熱銷款,"4,573",19,7-11
光泉頂級鮮奶優酪莓果穀物脆片130g,792,19,momo
雀巢 纖怡穀物棒23.5g 16入(盒) 點心隨身包 可可脆片 巧克力穀物棒,"7,185",18,全聯
桂格 經典大燕麥片 750g*4包/盒 麥片 穀物 燕麥 早餐 點心 下午茶 宵夜 沖泡飲品 充滿嚼勁Q彈好吃 桂格燕麥,"5,922",18,全聯
Amazin graze堅果穀物燕麥脆片250g-榛果巧克力口味(高纖、非油炸),"4,525",18,7-11
日清豐盛果實綜合水果穀物脆片,"4,230",18,7-11
[大量現貨] 雀巢纖怡草莓穀物棒 天然谷 綜合口味燕麥棒 天然谷穀物棒  COSTCO 好市多 雀巢 Fitnesse,"2,402",18,全家
【澳洲Carmans】綜合莓果穀物燕麥片(500g/盒),"4,594",17,7-11
【Amazin graze】堅果穀物燕麥脆片-香蕉蜂蜜250gx1入,"4,340",17,7-11
[瑞士全家] 無加糖水果綜合穀物早餐麥片 (500g/包),"3,659",17,7-11
雀巢 可可脆片穀物棒25g*6入 最新效期 可可脆片 穀物棒,"3,561",17,7-11
AMAZIN' GRAZE 堅果穀物燕麥脆片-榛果巧克力250g,"6,160",16,全聯
AMAZIN' GRAZE 堅果穀物燕麥脆片-香蕉蜂蜜250g,"5,600",16,全聯
amazin’graze堅果穀物燕麥脆片/ 榛果巧克力,"4,760",16,7-11
[瑞典 AXA] 綜合水果堅果穀物麥片 (375g/盒),"4,177",16,7-11
JASON六種穀物麥片 500G,"3,000",16,全家
Daily Boost 日卜力 穀物麥片 蔓越莓什錦/紫薯山藥/綜合莓果 多款可選200g/盒 蝦皮直送 現貨,"2,032",16,momo
9555865600014Amazin graze堅果穀物燕麥脆片250g-藍莓枸杞口味(高纖、非油炸),"10,080",15,好市多
9555865600007Amazin graze堅果穀物燕麥脆片250g-榛果巧克力口味(高纖、非油炸),"4,516",15,7-11
【Amazin graze】沖泡式堅果穀物燕麥片-粉紅莓果(40gx6包/盒),"3,696",15,7-11
現貨 日清NISSIN日清水果穀物麥片日清穀片 日清水果麥片 麥片 穀物麥片 水果麥片 草莓麥片 水果麥片日本麥片 餅乾,"5,500",14,全聯
捷森穀物麥片,"2,100",14,momo
穀物脆片150g,"1,990",14,momo
光泉-頂級鮮奶優格-莓果穀物脆片,742,14,momo
光泉 頂級鮮乳優酪-莓果穀物脆片130g,490,14,momo
JASON奇亞籽穀物麥片 500G,"2,850",13,全家
K-(杏)格蘭諾拉巧克力穀物麥片30g,"1,420",13,momo
卡路里-燕麥穀物棒 250g,"1,206",13,momo
Calorie卡路里-燕麥穀物棒250g,614,13,momo
芝麻燕麥多穀物蘇打133g,495,13,momo
【免運+發票】 桂格 雪乳莓莓375G 即食水果麥片 穀物麥脆果  營養早餐 桂格麥片 穀物 酸奶 安幕希 桂格 麥片,"5,745",12,全聯
Fuchs福紅綜合水果穀物脆片,"4,306",12,7-11
[瑞典 AXA] 熱帶水果穀物麥片 (375g/盒),"4,086",12,7-11
纖脆穀物烤麥片 - 盒裝,"3,780",12,7-11
amazin’graze堅果穀物燕麥脆片/ 藍苺枸杞,"3,360",12,7-11
樂扣樂扣LocknLock  2way元氣穀物樂活杯 [現貨] 麥片牛奶隨身杯 雙層麥片穀物杯 零食罐 優格杯 沙拉保鮮,"2,931",12,全家
日清 香港版香甜草莓穀物麥片 400g,"1,977",12,momo
捷森奇亞籽穀物麥片,"1,800",12,momo
【2歲生日慶】纖脆穀物烤麥片,"8,100",11,全聯
日清 綜合水果穀物脆 豐盛果實 宇治抹茶 楓糖果實 nissin 香港 脆片 麥片 穀物,"5,219",11,7-11
POST 無糖 麥麩 格格脆 510g 不含莓果 無調味 燕麥 多穀物 早餐 麥片 脆片 穀片 穀物,"4,796",11,7-11
【The Chala 蕎拉燕麥】裸食燕麥脆片4口味任選 230g/包(素食零食/早餐麥片/大燕麥片/堅果穀物),"3,680",11,7-11
[澳洲 Carman’s] 綜合莓果穀物燕麥片 (500g/盒),"2,169",11,全家
卡路里 燕麥穀物棒 250g 蝦皮直送 現貨,"1,157",11,momo
澳洲燕麥（已殺菌處理）/鸚鵡飼料/單一穀物,730,11,momo
頂級鮮奶優酪莓果穀物脆片,525,11,momo
【免運費】MYPROTEIN 盒裝 高蛋白棒 蛋白點心 營養棒 乳清蛋白 高蛋白點心 燕麥棒 穀物棒 脆米棒 烘焙餅乾,"18,990",10,好市多
#905 豌豆&小麥蛋白綜合穀物麥片＜可可口味＞(454g/包) [德國Seitenbacher],"4,654",10,7-11
Amazin graze堅果穀物燕麥脆片250g-藍莓枸杞口味(高纖、非油炸),"4,273",10,7-11
奧地利Verival綜合莓果穀物麥片,"3,300",10,全家
雀巢 可可脆片穀物棒25g 6入 最新效期 可可脆片 穀物棒 點心,"2,278",10,全家
日清-豐盛果實綜合水果穀物脆片,"2,202",10,全家
Jason捷森-奇亞籽穀物麥片 500g,"1,815",10,momo
【即期品 Jason捷森】捷森早餐穀物麥片五種水果/六種穀物任選500gx1入(六種穀物效期:2022/6/18),"1,323",10,momo
頂級鮮奶優酪(莓果穀物脆片) #223128,943,10,momo
有供電子發票.超好吃紐西蘭燕麥棒Mother Earth 烘培燕麥棒 穀物·水果·奶油8種口味選擇(可混搭)現貨,"5,237",9,7-11
AMAZIN' GRAZE 堅果穀物燕麥脆片-椰糖250g,"3,920",9,7-11
[Verival費里歐] 多種穀物亞麻籽燕麥片 (500g/,"3,237",9,全家
附發票 日本 日清シスコーン BIG 早餐片 早餐玉米片 麵包造型穀物麥片 巧克力圈圈 玉米脆片 可可 楓糖 日清麥片,"1,700",9,momo
COSTCO代購 天然谷/綜合纖脆燕麥棒/草莓穀物棒/黑巧克力風味堅果棒,"1,642",9,momo
捷森-六種穀物麥片,"1,350",9,momo
鮮奶優酪-莓果穀物脆片2入,897,9,momo
【雀巢】早餐穀物棒3入盒裝 可可脆片穀物棒/纖怡巧克力穀物棒,735,9,momo
義美芝麻燕麥多穀物蘇打餅(量)  270g,724,9,momo
amazin’graze堅果穀物燕麥脆片/ 香蕉蜂蜜/ 40,630,9,momo
歐洲進口 雀巢 纖怡巧克力穀物棒 可可脆片穀物棒 玉米脆片穀物棒 早餐棒 燕麥 穀物 小麥 巧克力 可可,427,9,momo
堅果穀物藜麥片,"6,702",8,全聯
【現貨】桂格減糖黑十穀38公克x50入 有效期限:2023/09/24 好市多熱銷 桂格穀物養生早餐穀類麥片燕麥,"3,607",8,7-11
【家樂氏】纖穀脆早餐穀物脆片-豐富堅果 330g,"3,550",8,7-11
?回購率第一?歐札克 400g 酸奶果粒麥片 麥片 即食麥片 穀物麥片  酸奶 麥片 歐紥克酸奶果粒 歐劄克 純甄 蒙牛,"3,177",8,全家
【The Chala 蕎拉燕麥】纖女燕麥脆片 4款口味任選 150g/包(素食零食/早餐麥片/大燕麥片/堅果穀物),"2,985",8,全家
奧地利Verival 多種穀物亞麻籽燕麥片,"2,342",8,全家
*EDEKA經典穀物燕麥片 750G,"2,150",8,全家
【加購】纖脆穀物烤麥片 - 盒裝,"1,600",8,momo
即期品【Jason捷森】捷森早餐穀物麥片五種水果/六種穀物任選500gx1入(兩種口味皆為效期:2022/9/2),901,8,momo
【Daily Boost日卜力】蔓越莓什錦穀物麥片200gx1盒,816,8,momo
amazin’graze堅果穀物燕麥脆片/ 榛果巧克力/ 4,770,8,momo
【Amazin graze】沖泡式堅果穀物燕麥片40g/6包x3盒(香蕉巧克力+粉紅莓果+蘋果肉桂),"4,932",7,7-11
Julian Bakery 麥片 穀物片 穀片 脆片 Julian Bakery 早餐夥伴,"4,396",7,7-11
卡樂比富果樂水果早餐麥片 麥片 燕麥 果乾 穀物 早餐 點心 好市多 營養早餐,"3,954",7,7-11
?超好吃紐西蘭烘焙燕麥棒????穀物·水果·奶油·各種美味原料烘焙而成·Mother Earth,"3,081",7,全家
韓國POST 玉米燕麥穀物片 藍莓味 蔓越莓 巧克力核桃 300g【蘇珊小姐】麥片 零食 穀物 玉米片,"2,937",7,全家
綜合水果穀物脆片,"2,380",7,全家
奧地利Verival整顆藍莓蘋果穀物麥片,"2,310",7,全家
野生苺果穀物麥片,"2,260",7,全家
[SNACKS MAP零食地圖]香港 日清 宇治抹茶綜合水果穀物脆 楓糖果實 含膳食纖維 早餐穀片 麥片 日清麥片,"2,145",7,全家
AMAZIN' GRAZE堅果穀物燕麥片-蘋果肉桂40gx6包(沖泡式),"1,960",7,momo
AMAZIN' GRAZE 堅果穀物燕麥片-香蕉巧克力40gx6包(沖泡式),"1,960",7,momo
Fuchs福紅水果穀物脆片,"1,938",7,momo
科隆穀物燕麥片原味,"1,813",7,momo
【瘋狂嚴選】喜瑞爾 早餐穀物脆片 香甜 玉米 草莓 脆片 巧克力 五彩球 珍珠 奶茶 抹茶 拿鐵 六款任選  現貨,"1,806",7,momo
Amazin graze堅果穀物燕麥脆片250g-香蕉蜂蜜口味(含膳食纖維、非油炸),"1,669",7,momo
【Amazin graze】堅果穀物燕麥脆片-蜂蜜香蕉250gx1入,"1,498",7,momo
家樂氏可可球330g 早餐穀物脆片買兩包送贈品,"1,366",7,momo
【家樂氏】可可球330g 早餐穀物脆片,"1,331",7,momo
【雀巢‼️巧克力穀物棒?】單隻✨雀巢 纖怡巧克力穀物棒 可可脆片穀物棒 巧克力穀物棒 燕麥 穀物 小麥 巧克力 早餐棒,698,7,momo
【家樂氏】東尼可可玉米片200g早餐穀物脆片,693,7,momo
amazin’graze堅果穀物燕麥脆片/ 藍苺枸杞/ 40,560,7,momo
【買一送一】纖脆穀物烤麥片,"5,340",6,全聯
雀巢 玉米脆片穀物棒20g 24入(盒)  玉米脆片點心棒 穀物棒 玉米脆片 點心棒 隨手包點心 早餐脆片,"3,965",6,7-11
【AXA】歐式穀物麥片口味任選x3盒,"2,580",6,全家
英國Rude Health酥脆巧克力穀物麥片,"2,520",6,全家
【Fuchs福紅】水果穀物脆片/野莓穀麥/蘋果燕麥/紅蘋果穀物脆片任選x1包,"2,468",6,全家
穀物水果脆片(栗香紫薯),"2,375",6,全家
【AXA】即期品-歐式穀物麥片-口味任選x3盒(最佳賞味期限至2022.08.01),"2,369",6,全家
+爆買日本+日本製 calbee 卡樂比 富果樂水果麥片 減糖款 早餐麥片 日本進口 早餐穀物麥片 朝食革命 早餐良伴,"2,025",6,momo
家樂氏Special K香脆麥米片早餐穀物脆片-藍莓杏仁 好市多熱銷款,"1,698",6,momo
Venosta麥佳富莓果穀物脆片375g,"1,680",6,momo
自製穀物脆片150g,"1,650",6,momo
現貨！米森有機燕麥片全系列 水果堅果燕麥片 多穀物黑燕麥 無麩質麥片 抹茶可可燕麥脆 代餐燕麥片,"1,586",6,momo
Amazin graze 沖泡式堅果穀物燕麥片(香蕉巧克力) 40g*6包,"1,563",6,momo
Amazin graze堅果穀物燕麥脆片250g-椰糖口味(全素、高纖、非油炸),"1,442",6,momo
K-(3包杏)格蘭諾拉巧克力穀物麥片30g,"1,341",6,momo
家樂氏格格脆330g 早餐穀物脆片 家樂氏全系列商品買2包送30gx1包,"1,055",6,momo
六種穀物麥片,"1,050",6,momo
【DC美食】台灣出貨 天然谷 Nature Valley 燕麥棒 穀物棒 好市多 巧克力燕麥棒 代餐餅乾 麥片 燕麥片,571,6,momo
《munchy's》麥奇原味蘇打餅｜馬來西亞 健康 低鹽 少油 原味 燕麥 穀物 酥脆 蘇打餅｜大掌櫃團購,440,6,momo
＜北站鳥園＞燕麥 / 寵物鳥、中小型鸚鵡用、小動物 / 分裝飼料 / 營養穀物,225,6,momo
【限時特惠專案】大頭叔叔 穀物水果麥片 栗香紫薯8包／組,"9,600",5,全聯
【歡慶跨年】穀物烤麥片3入組 送雙層保鮮杯,"5,100",5,7-11
世界GO 日本 日清 NISSIN 日清穀片 早餐穀物麥片 日清麥片 綜合 水果 大豆 抹茶 草莓 穀片 水果 麥片,"2,740",5,全家
【Sunny Buy】◎即期+預購◎ 盒損 Lucky Charms 穀物麥片早餐 棉花糖+麥片 多口味,"2,350",5,全家
英國Rude Health酥脆杏仁穀物麥片,"2,100",5,全家
amazin’graze堅果穀物燕麥片/ 香蕉巧克力,"1,680",5,momo
卡路里燕麥穀物棒 250g【愛買】,"1,548",5,momo
ar藍苺枸杞堅果穀物燕麥脆片250g,"1,325",5,momo
[瑞典 AXA] 三重巧克力穀物麥片 (320g/包) (奶,"1,303",5,momo
穀物燕麥片原味,"1,295",5,momo
AmazinGraze馬來西亞堅果穀物燕麥脆片-榛果巧克力  (250g/包),"1,250",5,momo
家樂氏什錦果麥-葡萄乾、杏仁果口味 375g 早餐穀物脆片買兩包送贈品,"1,243",5,momo
買一送一＊即期品【瑞典AXA】歐式穀物麥片(任選口味:巧克力堅果/綜合莓果/綜合水果/亞麻籽莓果/熱帶水果),"1,194",5,momo
【Amazin graze】沖泡式堅果穀物燕麥片-香蕉巧克力(40gx6包/盒),"1,190",5,momo
代收代付【POST】POST 非基改 猶太潔食 藍莓杏仁 燕麥 多穀物 早餐 麥片 382g 水果 堅果 穀物 脆片 穀片,"1,095",5,momo
森吉小舖 日本 日清シスコーン BIG 早餐片 早餐玉米片 麵包造型穀物麥片 巧克力圈圈 玉米脆片 可可 楓糖 日清麥片,970,5,momo
[台糖]什穀大燕麥片800g [綜合穀物配方~新上市!],834,5,momo
8719324964203Jason 捷森-奇亞籽穀物麥片 500g,790,5,momo
代收-Calorie 卡路里~燕麥穀物棒(250g)奶素【D721662】,601,5,momo
【最新效期】喜瑞爾天然穀物玉米脆片/甜玉米、巧克力、五彩球、草莓、抹茶風味、珍珠奶茶風味、青檸派對穀物/cerear,550,5,momo
AG堅果穀物燕麥脆片-榛果巧克力40g,406,5,momo
澳洲燕麥（已殺菌處理）鸚鵡飼料穀物/包裝可透明包/可夾鏈真空,340,5,momo
【限時61折】纖脆穀物烤麥片 3入,"3,960",4,7-11
【限時特賣】卡樂比富果樂水果早餐麥片 麥片 燕麥 果乾 穀物 早餐 點心 好市多 營養早餐,"3,001",4,全家
瑞典AXA巧克力堅果穀物麥片375g,"2,691",4,全家
POST 原味 蜂蜜 燕麥 多穀物 早餐 麥片 411g 脆片 穀物 穀片 猶太潔淨食 Kosher food,"2,586",4,全家
【Amazin graze】沖泡式堅果穀物燕麥片40g/6包x3盒(粉紅莓果口味),"2,421",4,全家
【AXA】即期品-歐式穀物麥片-口味任選x5盒(最佳賞味期限至2022.08.01),"2,396",4,全家
纖脆穀物烤麥片,"1,890",4,momo
Hipp 喜寶 生機寶寶 米精/燕麥精/綜合黃金穀物精200g,"1,810",4,momo
JF01615-日本日清草苺綜合穀物燕麥片-,"1,794",4,momo
POST 猶太潔食 杏仁 蜂蜜 燕麥 多穀物 早餐 麥片 411g 脆片 穀物 穀片 Kosher food,"1,433",4,momo
amazin’graze堅果穀物燕麥脆片/ 香蕉蜂蜜,"1,400",4,momo
Fuchs福紅紅蘋果穀物脆片3,"1,395",4,momo
POST 草莓 蜂蜜 燕麥 多穀物 早餐 麥片 311g  脆片 穀片 穀物,"1,353",4,momo
日清 日清麥片 日清穀物麥片 水果麥片 抹茶麥片 境內版  BIG早餐片 圈圈早餐片 NISSIN 日清 玉米片 巧克力,"1,335",4,momo
3件組合價388?紐西蘭烘焙美味燕麥棒????穀物·水果·奶油·各種美味原料烘焙而成·Mother Earth,"1,313",4,momo
[Verival費里歐] 有機野生莓果穀物麥片 (325g/,"1,264",4,momo
麥佳富巧克榛果穀物脆片375g,"1,120",4,momo
AmazinGraze馬來西亞堅果穀物燕麥脆片-藍苺枸杞 (250g/包),"1,106",4,momo
【POST】玉米燕麥穀物片300g-350g(藍莓/巧克力核桃/蔓越莓),"1,085",4,momo
【AXA】瑞典三重巧克力穀物麥片320gx1盒,"1,075",4,momo
9555865600021Amazin graze堅果穀物燕麥脆片250g-椰糖口味(全素、高纖、非油炸),"1,022",4,momo
蝦皮代開發票❤現貨❤Deka甜麥仁 焦糖風味 獨立包裝 脆片焦糖穀物 健康果仁 健康穀物 麥片 餅乾 零食 甜麥仁,960,4,momo
Amazin graze 沖泡式堅果穀物燕麥片(蘋果肉桂) 40g*6包,927,4,momo
【五全食品】加拿大野米 150g 300g 香米 印第安稻 水燕麥 燉飯料理 微量元素 穀物第一 全程冷凍保鮮 獨特香氣,920,4,momo
POST 猶太潔食 藍莓 杏仁 燕麥 多穀物 早餐 麥片 382g 水果 堅果 穀物 脆片 穀片,915,4,momo
Amazin graze 沖泡式堅果穀物燕麥片(粉紅莓果) 40g*6包,885,4,momo
樂扣樂扣2way元氣穀物樂活杯LLS211/LLS213/LLS221/LLS222/LLS223 麥片杯【百年老店】,852,4,momo
K-(1包杏)格蘭諾拉巧克力穀物麥片30g,833,4,momo
[瑞士全家] 榛果葡萄綜合穀物早餐麥片 (500g/包),817,4,momo
Jason捷森-六種穀物麥片 500g,647,4,momo
五穀米 滿99元出貨 (內含九種穀物:糙米、麥片、小麥、蕎麥、燕麥、小薏仁、小米、黑糯米、脫粒薏仁) 元生雜糧,613,4,momo
好市多代購 桂格 即食大燕麥片/黃金蕎麥多穀飲/北海道風味特濃/黑十穀/夏日穀物綜合莓果隨身包,606,4,momo
奇亞籽穀物麥片,600,4,momo
蔓越莓堅果燕麥穀物,600,4,momo
【即期品 Jason捷森】奇亞籽穀物麥片500gx1入(效期:2022/09/02),532,4,momo
【AXA】即期品-歐式穀物麥片升級版-口味任選x1盒(最佳賞味期限至2022.08.03),476,4,momo
[Daily Boost 日卜力]蔓越莓什錦穀物麥片200g/盒,457,4,momo
五穀米 (內含九種穀物:糙米、麥片、小麥、蕎麥、燕麥、小薏仁、小米、黑糯米、脫粒薏仁) 元生雜糧,419,4,momo
家樂氏 玉米片 麥片 早餐穀物脆片 東尼 香甜玉米片 可可玉米片 原味玉米片 纖穀脆 超級莓果 可可球魔法巧克力早,396,4,momo
金瑞益【嚴選優質】穀物｜燕麥粒 糯小米 玉米碎 長糙米 黑糯米 青仁黑豆 非基改黃豆 燕麥片｜夾鏈包裝｜低卡高纖原食材,360,4,momo
優群燕麥穀物棒250g,356,4,momo
喜瑞爾早餐穀物麥片(香甜玉米脆片/草莓脆片/巧克力脆片/五彩球),330,4,momo
代收代付 - GRANOLA HOUSE 燕麥脆米花 32g/包 脆米花 穀物 益生菌 零食 巧克力,114,4,momo
【耶誕限定】30入綜合隨手包 + 穀物烤麥片,"4,440",3,7-11
現貨！日本製 附乾燥劑密封食物罐 不含BPA 穀物罐 保鮮罐 乾糧罐 儲物罐 麥片罐 收納罐 儲米桶,"3,192",3,全家
9555865601561Amazin graze沖泡式堅果穀物燕麥片(蘋果肉桂) 40g*6包,"2,240",3,全家
【營養補給】海苔 堅果 蔓越莓 野菽家營養棒(7條/盒) 蛋白棒 燕麥棒 能量棒 穀物棒 藜麥 營養棒 膳食纖維 代餐棒,"1,995",3,momo
MYPROTEIN 盒裝 高蛋白棒 蛋白點心 營養棒 乳清蛋白 高蛋白點心 燕麥棒 穀物棒 脆米棒 烘焙餅乾,"1,956",3,momo
雀巢 玉米脆片穀物棒20g 24入(盒)  玉米脆片點心棒 穀物棒 玉米脆片,"1,440",3,momo
義大利 Fuchs 福紅 蘋果 燕麥穀片 穀物脆片 300g Fuchs Cereals oat shells with red apples,"1,325",3,momo
英國Rude Health堅果穀物麥片,"1,260",3,momo
【Jason捷森】捷森早餐穀物麥片五種水果/六種穀物任選500gx1入,"1,253",3,momo
瑞典AXA三重巧克力穀物麥片320g,"1,238",3,momo
?供電子發票.超好吃紐西蘭燕麥棒Mother Earth 烘培燕麥棒 穀物·水果·奶油8種口味選擇(可混搭)現貨,"1,131",3,momo
ar香蕉蜂蜜堅果穀物燕麥脆片250g,"1,060",3,momo
【Jason捷森】五種水果/六種穀物-麥片任選500gx3包(六種穀物效期:2022/6/18),"1,049",3,momo
Verival奧地利頂級藍莓蘋果穀物麥片 325g,990,3,momo
【免運+發票】 桂格 雪乳莓莓375G 即食水果麥片 大陸境內版官網代購 穀物麥脆果  營養早餐 桂格麥片 穀物 桂格,955,3,momo
免運 現貨 快速出貨 日清 巧克力綜合燕麥片 綜合穀物 早餐燕麥片 巧克力 堅果 早餐 健康早餐 堅果燕麥片 大袋裝,905,3,momo
[Verival費里歐] 無麩質蔓越莓與櫻桃穀物麥片 (30,901,3,momo
【奧地利Verival 費里歐】多種穀物亞麻籽燕麥片 500g,885,3,momo
【Amazin graze】沖泡式堅果穀物燕麥片-蘋果肉桂(40gx6包/盒),882,3,momo
1590-福紅PURO綜合水果穀物脆片,874,3,momo
?【蝦幣10倍送‼️我超便宜】天然谷 燕麥棒 市價29元?Nature Valley 單包販售 穀物棒 好市多,852,3,momo
麥佳富莓果穀物脆片375g,840,3,momo
【Delba德寶】德國 葡萄堅果麥片 保鮮罐裝 1000g(葡萄 堅果 穀物 麥片 罐裝),837,3,momo
【家樂氏】 Special K原味香脆麥米片205g 早餐穀物脆片,817,3,momo
ar榛果巧克力堅果穀物燕麥脆片250g,795,3,momo
KOLLN香脆穀物燕麥片-原味 25,777,3,momo
9555865601561Amazin graze沖泡式堅果穀物燕麥片(蘋果肉桂) 40g*6包(到期日2022/6/2),774,3,momo
9555865601554Amazin graze沖泡式堅果穀物燕麥片(粉紅莓果) 40g*6包(到期日2022/5/15),732,3,momo
9555865601547Amazin graze沖泡式堅果穀物燕麥片(香蕉巧克力) 40g*6包(到期日2022/5/9),732,3,momo
【Amazin graze】沖泡式堅果穀物燕麥片-巧克力香蕉(40gx6包/盒),700,3,momo
澳洲 SunBites Grain 全穀物波浪造型脆片 餅乾 洋蔥酸奶 莎莎醬 焦糖洋蔥【Sunny Buy】,660,3,momo
4250837399945Jason 捷森-六種穀物麥片 500g,648,3,momo
【瑞典 烏克蘭 AXA 穀物麥片 375克】莓果優格 熱帶水果 穀物麥片 亞麻籽莓果 脆片 燕麥 早餐麥片 進口零食,581,3,momo
現貨！純色家居 日本附量杯穀物桶 雜糧桶 乾糧桶 米桶 穀物瓶 保鮮盒 保鮮瓶 麥片桶 五穀雜糧罐 保存罐,573,3,momo
家樂氏什錦果麥-南瓜籽、葡萄、蘋果、桃、杏仁果口味 375g早餐穀物脆片,548,3,momo
【瑞典AXA】莓果優格穀物麥片320g(奢華升級版配方),540,3,momo
【AXA】即期品-歐式穀物麥片-口味任選x1盒(最佳賞味期限至2022.08.01),496,3,momo
雀巢 可可脆片穀物棒 美祿穀物棒 纖怡穀物棒 玉米脆片穀物棒 任選20條加贈送 點心隨身包 巧克力穀物棒 點心棒,460,3,momo
雀巢 可可脆片穀物棒25g*6入 最新效期 可可脆片 穀物棒 最新效期 天天出,336,3,momo
朱古力燕麥穀物脆,324,3,momo
POST玉米燕麥穀物片-巧克力核桃味300g包(10)箱,287,3,momo
堅果穀物燕麥片香蕉巧克力,237,3,momo
【金瑞益】澳洲 燕麥片 300g / 600g 夾鏈包裝｜熟穀物 可直接沖泡飲用｜嚴選 燕麥 穀物,219,3,momo
光泉頂級鮮奶優酪乳-苺果穀物脆片,216,3,momo
光泉優格-莓果穀物脆片130ml,140,3,momo
光泉頂級鮮奶優格－莓果穀物脆片１３０ｍｌ／單,140,3,momo
廣吉特級燕麥片【小麥購物】24H出貨台灣現貨【A363】營養早餐 燕麥 麥片 穀物 軟食 沖泡食品 燕麥片 穀類,135,3,momo
光泉-莓果穀物脆片優酪130g*,105,3,momo
"限時 ！任選四盒免運！(暖之森 妳要的燕麥棒！紅藜蔓越莓(一盒)-一盒X1,暖之森 妳要的燕麥棒！可可印加果(一盒)-一盒X1,暖之森 妳要的燕麥棒！抹茶多穀物(一盒)-一盒X1,","4,400",2,7-11
AMAZIN' GRAZE 堅果穀物燕麥脆片-香蕉蜂蜜250G,"2,998",2,全家
【限時優惠】12入綜合隨手包 +纖脆穀物烤麥片 + 小人物燕麥奶,"2,940",2,全家
【日央雜貨店】免運 愛之味 純濃燕麥250ml(24入 48入/箱) 燕麥奶 穀物奶 麥片奶 利樂包純濃燕麥,"2,100",2,全家
【中秋限定】纖脆穀物烤麥片,"2,040",2,momo
【暖之森】妳要的燕麥棒！二入組 紅藜蔓越莓＋抹茶多穀物(即食早餐、愜意下午茶、能量小點),"1,976",2,momo
KHLOE 植物奶｜好歐燕麥 即溶燕麥粉 隨身包 沖泡式燕麥粉 燕麥粉 即食燕麥 沖泡穀粉 沖泡穀物,"1,800",2,momo
卡路里 燕麥穀物棒 250g 蝦皮直送 現貨 (部分即期),"1,780",2,momo
?免運+發票?  桂格 大果粒乳酸菌酸奶麥片375g  大陸境內版官網代購 穀物麥脆果 即食麥片 桂格麥片 穀物 酸奶果,"1,425",2,momo
【現貨】桂格減糖黑十穀38公克 x 50入 有效期限2023/09/24 好市多熱銷 桂格穀物養生早餐穀類麥片燕麥,"1,316",2,momo
【樂扣樂扣】2way元氣穀物樂活杯5入組(麥片、牛奶、防漏),"1,258",2,momo
⭐️現貨開發票⭐️ 日本 Calbee 卡樂比 富果樂 減糖麥片 穀物 麥片 600g,"1,194",2,momo
三送一【Weet-bix】健康低脂全穀片｜澳洲全穀片 mini 早餐麥片 穀物 早餐麥片 麥片 低脂麥片 全穀片 公司貨,"1,144",2,momo
9555865601547Amazin graze沖泡式堅果穀物燕麥片(香蕉巧克力) 40g*6包,"1,120",2,momo
《西川米店》新鮮雜糧 燕麥/大麥/藜麥/蕎麥/高粱/薏仁 250g小包裝 6包免運副食品生機穀物粗食全穀類 燕麥粒/大麥,"1,110",2,momo
【限時5折】纖脆穀物烤麥片,"1,080",2,momo
烤穀物堅果麥片(巧克力),"1,050",2,momo
POST 猶太潔食 胡桃 脆麥 多穀物 燕麥 早餐 麥片 453g 堅果 穀物 脆片 穀片,"1,045",2,momo
【高現金優惠｜穩定代謝】暖之森 妳要的燕麥棒！抹茶多穀物 (六包/盒)-一盒,"1,040",2,momo
現貨 桂格大燕麥片(37.5gx42包) 有效期限:2022/09/06 好市多熱銷 桂格麥片 穀物養生 早餐下午茶,"1,018",2,momo
買一送一＊即期品【瑞典AXA】綜合水果堅果穀物麥片(375g) - 最佳賞味期限至2022/08/02,995,2,momo
POST 蔓越莓 杏仁 燕麥 多穀物 早餐麥片 396g 小紅莓 堅果 穀物 脆片 猶太潔食,955,2,momo
韓國POST 玉米燕麥穀物片 藍莓味 蔓越莓 巧克力核桃 300g【懂吃】麥片 零食 穀物 玉米片,935,2,momo
堅果穀物麥片,920,2,momo
天然谷 綜合口味燕麥棒 42公克 X 40條 免運附發票 最新效期 能量棒 燕麥棒 穀物棒 營養棒,916,2,momo
【好麗友】格蘭諾拉穀物麥片 口味任選(蔓越莓杏仁370g／可可杏仁370g／玄米杏仁340g),905,2,momo
RH堅果穀物麥片,840,2,momo
【限時優惠】纖脆穀物烤麥片 + 小人物燕麥奶,820,2,momo
【Delba德寶】德國 葡萄堅果麥片 1000g(葡萄 堅果 穀物 麥片),807,2,momo
?免運+發票? 歐札克 酸奶果粒麥片 麥片 即食麥片 穀物麥片 麥片 歐紥克酸奶果粒 歐扎克 歐劄克 肖戰 酸奶 蒙牛,744,2,momo
【Fuchs福紅】綜合水果穀物脆片350gx1包,700,2,momo
+爆買日本+日本製 400g 日清麥片系列 期間限定 可可堅果/草莓/豪華水果 輕食風味 早餐穀物麥片,687,2,momo
【奧地利Verival 費里歐 即期品】藍莓蘋果穀物麥片 325g(有效期限 2023/04/06),680,2,momo
【奧地利Verival 費里歐 即期品】藍莓蘋果穀物麥片 325g(效期 2022/08/17),680,2,momo
【奧地利Verival 費里歐 即期品】綜合莓果穀物麥片 375g(效期 2022/09/08),680,2,momo
【奧地利Verival 費里歐 即期品】綜合莓果穀物麥片 375g(有效期限 2023/05/03),680,2,momo
【奧地利Verival 費里歐】蔓越莓與櫻桃穀物麥片 無麩質300g,680,2,momo
【江戶物語】日本製 calbee 卡樂比 富果樂水果麥片 減糖款 早餐麥片 日本進口 早餐穀物麥片 朝食革命 早餐良伴,675,2,momo
Verival奧地利頂級野生莓果穀物麥片 325g,660,2,momo
奧地利Verival草莓蜂蜜穀物麥片,660,2,momo
有機綜合莓果穀物麥片,660,2,momo
奧地利Verival無麩質蔓越莓與櫻桃穀物麥片,660,2,momo
奧地利Verival黑巧克力綜合穀物麥片,660,2,momo
有機藍莓蘋果穀物麥片,660,2,momo
雀巢 可可脆片穀物棒 美祿穀物棒 纖怡穀物棒 玉米脆片穀物棒 點心隨身包 點心棒 巧克力穀物棒,659,2,momo
【Fuchs福紅】紅蘋果穀物脆片350gx1包,648,2,momo
奧地利Verival莓果穀物麥片,611,2,momo
POST 猶太潔食 香蕉 堅果 燕麥 多穀物 早餐 麥片 439g 穀物 脆片 杏仁 核桃 穀片,607,2,momo
[Verival費里歐] 巧克力綜合穀物麥片 (375g/包,604,2,momo
【韓國Maeil】穀物脆營養麥片（香蕉風味）,600,2,momo
買一送一【瑞典AXA】歐式穀物麥片(任選口味:巧克力堅果/綜合莓果/綜合水果/亞麻籽莓果/熱帶水果),598,2,momo
福紅PURO紅蘋果穀物脆片,588,2,momo
[Verival費里歐] 綜合莓果穀物麥片 (375g/包),585,2,momo
1588-福紅PURO紅蘋果穀物脆片,576,2,momo
【免運附發票】桂格 穀物麥脆果 即食水果麥片 乳酸大果粒麥片 桂格麥片 酸奶塊 大果粒乳酸菌麥片,570,2,momo
amazin’graze堅果穀物燕麥片/ 粉紅莓果,560,2,momo
9555865600038Amazin graze堅果穀物燕麥脆片250g-香蕉蜂蜜口味(含膳食纖維、非油炸),560,2,momo
amazin’graze堅果穀物燕麥片/ 蘋果肉桂,560,2,momo
麥佳富水果穀物脆片375g,560,2,momo
AmazinGraze馬來西亞堅果穀物燕麥脆片-香蕉蜂蜜 (250g/包),532,2,momo
印尼 Deka甜麥仁 現貨發票?焦糖風味 150g 脆片焦糖穀物 健康果仁 健康穀物 麥片 餅乾 零食 牛奶 好市多,510,2,momo
amazin'graze堅果穀物燕麥片/ …,487,2,momo
【Delba德寶】德國 水果麥片 保鮮罐裝 1000g(水果 穀物 麥片 罐裝),478,2,momo
AmazinGraze馬來西亞堅果穀物燕麥脆片-椰糖  (250g/包),474,2,momo
【AXA】歐式穀物麥片口味任選x1盒,472,2,momo
411-美國Post穀物!小孩也愛的綜合穀物麥片,437,2,momo
amazin'graze堅果穀物燕麥脆片/ 香蕉蜂蜜,431,2,momo
【美國Post】蜂蜜燕麥原味/蜂蜜杏仁/草莓蜂蜜/水果風味 早餐穀片 燕麥 多穀物 早餐 麥片,424,2,momo
[現貨]日清 NISSIN 日清穀片 日清麥片 麥片 穀物麥片nissin premium granola,420,2,momo
買一送一＊即期品【瑞典AXA】莓果優格穀物麥片(320g) - 最佳賞味期限至2022/08/03,398,2,momo
家樂氏纖穀脆早餐穀物脆片-豐富堅果 330g 早餐麥片 脆片 穀片,388,2,momo
世界GO 家樂氏 纖穀脆 黑巧野莓 300g 早餐穀物脆片 早餐麥片 穀片 Kellogg's,376,2,momo
[巧米多]燕麥穀物脆片-原味,360,2,momo
日清早餐麥片 Nissin 大豆燕麥片  日本內銷版  日本製造 穀物麥片,347,2,momo
POST 玉米燕麥穀物片(蔓越莓味)350g【小三美日】DS004867,338,2,momo
捷森 六種穀物麥片,300,2,momo
綜合蔬菜穀物麥片2入組,300,2,momo
紐西蘭烘焙美味燕麥棒????穀物·水果·奶油·各種美味原料烘焙而成·Mother Earth,298,2,momo
【韓國 Bebest 貝思】穀物麥片(可可亞、草莓),298,2,momo
捷森-六種穀物麥片500g/包,292,2,momo
代收-大頭叔叔~穀物水果麥片(140g/包) 款式可選【DS002283】,280,2,momo
【即期品 Jason捷森】奇亞籽穀物麥片500gx1入(效期:2022/06/18),267,2,momo
[紫米 糙薏仁 糙米] 無調味爆穀 即食全穀物 寶寶副食品 大人早餐麥片 全素 部分無麩質,258,2,momo
家樂氏東尼可可玉米片200g早餐穀物脆片,216,2,momo
雀巢 可可脆片穀物棒 美祿穀物棒 纖怡穀物棒 玉米脆片穀物棒 點心隨身包 巧克力穀物棒 點心棒,204,2,momo
Calorie 卡路里 燕麥穀物棒(250g)奶素【小三美日】D721662,198,2,momo
【DC美食】台灣出貨 Granola House 小麥的家 纖脆燕麥棒 穀物燕麥棒 營養能量棒 好市多代溝 穀物棒 麥片,186,2,momo
X卡路里-燕麥穀物棒 250g/袋,178,2,momo
【單入嚐鮮】海苔 堅果 蔓越莓 野菽家營養棒(1入) 蛋白棒 燕麥棒 能量棒 穀物棒 藜麥 營養棒 膳食纖維 代餐棒,168,2,momo
雀巢 可可脆片穀物棒 美祿穀物棒 纖怡穀物棒 玉米脆片穀物棒 任選20條加贈送 點心隨身包 點心棒 巧克力穀物棒,164,2,momo
LAYONS 雷恩獅   無糖燕麥片牛乳 紐西蘭奶粉 無奶精 無麥芽糊精 無糖燕麥 無糖 燕麥 麥片 穀物 無糖麥片,144,2,momo
AmazinGraze馬來西亞堅果穀物燕麥脆片-榛果巧克力 (40g/包),132,2,momo
【O! grae】格蘭諾拉穀物玉米脆片 300g / FLAKES 怪物玉米脆片 280g 【月星球】,118,2,momo
[現貨+發票] 雀巢纖怡草莓穀物棒 天然谷 綜合口味燕麥棒 天然谷穀物棒  COSTCO 好市多 雀巢 Fitnesse,112,2,momo
科隆香脆穀物燕麥片,98,2,momo
舞味本舖 恐龍餅乾 好麗友 波浪脆片餅乾 大蒜麵包脆片餅乾 辣味穀物脆片餅乾 ORION,82,2,momo
義美大燕麥多穀物蘇打餅乾,77,2,momo
【迪西美食】 台灣出貨 天然谷 Nature Valley 燕麥棒 穀物棒 好市多 巧克力燕麥棒 代餐餅乾 麥片 燕麥片,74,2,momo
光泉鮮奶優格(莓果穀物脆片),70,2,momo
光泉舊果穀物脆片,70,2,momo
鮮奶優酪莓果穀物脆片,70,2,momo
早餐穀物麥片,68,2,momo
【耶誕限定】60入綜合隨手包 + 穀物烤麥片,"2,680",1,全家
"限時 ！任選四盒免運！(暖之森 妳要的燕麥棒！可可印加果(一盒)-一盒X1,暖之森 妳要的燕麥棒！抹茶多穀物(一盒)-一盒X3)","2,200",1,全家
【家樂氏】Special K香脆麥米片早餐穀物脆片-藍莓杏仁370gx3盒組(好市多熱銷款),"1,695",1,momo
【The Chala 蕎拉燕麥】纖女燕麥脆片 4款口味任選10包(素食零食/早餐麥片/大燕麥片/堅果穀物),"1,606",1,momo
【歡慶雙十】纖脆穀物烤麥片,"1,598",1,momo
【BodyGoals】纖脆穀物烤麥片 寶,"1,233",1,momo
現貨！純色家居 日本製 附乾燥劑密封食物罐 不含BPA 穀物罐 保鮮罐 乾糧罐 儲物罐 麥片罐 收納罐 儲米桶,"1,197",1,momo
【領券滿額88折】桂格減糖黑十穀38公克 x 50入 有效期限2023/09/24 好市多熱銷 桂格穀物養生早餐穀類麥片燕麥,"1,124",1,momo
【瑞典AXA】歐式穀物麥片口味任選x3盒,"1,076",1,momo
【領券滿額折100】桂格減糖黑十穀38公克 x 50入 有效期限2023/09/24 好市多熱銷 桂格穀物養生早餐穀類麥片燕麥,987,1,momo
低GI穀物粥系列（藜麥片、高蛋白穀片、綜合穀片、菌菇切片、蔬菜粉）,928,1,momo
【迪西美食】 台灣出貨 家樂氏巧克力莓果纖穀脆 220公克 X 3包 巧克力莓果纖穀脆 纖穀脆 纖穀脆早餐穀物脆片,908,1,momo
【Delba德寶】德國 全榖麥片 口味任選3包 1000g(葡萄 堅果 水果 全麥 穀物 麥片),758,1,momo
amazin'graze堅果穀物燕麥脆片/ 藍苺枸杞,750,1,momo
瑞典AXA莓果優格穀物麥片320g,700,1,momo
【暖之森】妳要的燕麥棒！抹茶多穀物 1盒(即食早餐、愜意下午茶、能量小點),698,1,momo
燕麥棒 天然谷燕麥棒  蜂蜜 黑巧克力 加拿大楓糖 穀物棒 能量棒 cotsco好市多代購 早餐棒 【QD代購】,640,1,momo
Costco好市多代購 天然谷 綜合口味燕麥棒 42公克X 40條 免運附發票 最新效期 能量棒 燕麥棒 穀物棒 營養棒,622,1,momo
代收-【Body Goals】 纖脆穀物烤麥片 (寶島可可、元氣堅果、繽紛莓果) ★加送《康健》 253期：吃對蛋白質 輕鬆養出好肌力,600,1,momo
【奧地利Verival 費里歐】藍莓蘋果穀物麥片(325g),600,1,momo
【Miss V Bakery】蜂蜜穀物脆片,600,1,momo
K-(11包)格蘭諾拉巧克力穀物麥片30g,599,1,momo
【五全食品】加拿大野米 300g 香米 印第安稻 水燕麥 燉飯料理 微量元素 穀物第一 全程冷凍保鮮 獨特香氣,598,1,momo
買一送一＊即期品【瑞典AXA】巧克力堅果穀物麥片(375g) - 最佳賞味期限至2022/08/04,597,1,momo
【Delba德寶】德國 水果麥片 1000g(水果 穀物 麥片),597,1,momo
【Amazin graze】沖泡式堅果穀物燕麥片40g/6包x3盒(香蕉巧克力口味),588,1,momo
?免運+發票?桂格 穀物麥脆果 大陸境內版官網代購 即食水果麥片 乳酸大果粒麥片 桂格麥片 酸奶塊 大果粒乳酸菌麥片,570,1,momo
【免運+發票】桂格 多種苺果420G 即食水果麥片 穀物麥脆果  營養早餐 即食麥片桂格麥片 穀物 酸奶 安幕希 桂格,570,1,momo
輕食樓穀物水果燕麥片,554,1,momo
【限時5折】纖脆穀物烤麥片 - 盒裝,540,1,momo
【美安高IBV積點/高現金回饋】暖之森 妳要的燕麥棒！抹茶多穀物(一盒)-一盒,520,1,momo
燕麥營養棒 GRANOLA HOUSE 零食 穀物 營養 運動 登山 低熱量 低卡 巧克力,500,1,momo
1118第4標 格蘭諾拉穀物麥片,498,1,momo
日本 暢銷款 Nissin 日清 綜合穀物麥片 家庭號 400g,495,1,momo
限時＊618瘋狂超低價【瑞典AXA】歐式穀物麥片(任選口味:巧克力堅果/綜合莓果/綜合水果/亞麻籽莓果/熱帶水果),495,1,momo
[VanTaiwan] 加拿大代購 Post Shreddies 全穀物麥片 原味 高的纖維來源 早餐麥片 麥片,482,1,momo
【大頭叔叔】穀物水果麥片(黃金蕃薯),480,1,momo
?發票+免運? 好麥多 HONlife奇亞籽麥片 全口味 酸奶水果麥片 穀物麥片 即食麥片 麥片 酸奶塊,476,1,momo
穀物水果脆片(經典原味),460,1,momo
??好市多代購 桂格 即食大燕麥片/黃金蕎麥多穀飲/北海道風味特濃/黑十穀/夏日穀物綜合莓果,459,1,momo
Post 玉米燕麥穀物片-蔓越莓味(350g),458,1,momo
[現貨即期出清]日清 NISSIN 日清穀片 日清麥片 麥片 穀物麥片nissin premium granola,450,1,momo
#906 豌豆&小麥蛋白綜合穀物麥片＜草莓可可口味＞ (454g/包) [德國Seitenbacher],445,1,momo
妳要的燕麥棒-抹茶多穀物,442,1,momo
免運+發票 王飽飽 芋泥奶茶麥片 高纖早餐麥片 劉濤同款 酸奶麥片 麥片 即食麥片 堅果穀物 穀物麥片 零食,439,1,momo
卡樂比富果樂水果早餐麥片 麥片 燕麥 果乾 穀物 早餐 點心  好市多,429,1,momo
英國Rude Health杏仁穀物麥片,420,1,momo
【台灣現貨】穀物麥片機 麥片機 麥片收納桶 儲物罐 麥片儲物罐 手動麥片機 穀類麥片桶 燕麥機 穀物機 早餐穀物機,399,1,momo
【領卷85折】Body goals 纖脆穀物烤麥片 200g 天然無負擔 蛋白麥片,395,1,momo
嗶嘎啦 燕麥脆片益生元 早餐穀物脆片 代餐 我(200公克),390,1,momo
Cheerios Large 經典原味 多穀物 蜂蜜堅果 早餐麥片 穀片 【Sunny Buy】,380,1,momo
【御復珍】100%熟燕麥粉 澳洲燕麥片 8種胺基酸 粉末細緻 烘培料理食材 原穀物香氣 純素食(無添加糖/400g),362,1,momo
【Sunny Buy】◎即期◎澳洲 SunBites Grain 全穀物波浪造型脆片 餅乾洋蔥酸奶 莎莎醬焦糖洋蔥,360,1,momo
福迪-巧克力綜合穀物麥片,340,1,momo
【奧地利Verival 費里歐】綜合莓果穀物麥片 375g,340,1,momo
【奧地利Verival 費里歐 即期品】草莓穀物麥片300g(效期 2022/09/07),340,1,momo
【家樂氏】什錦果麥-葡萄乾、杏仁果口味 375g 早餐穀物脆片買兩包送贈品,338,1,momo
奧地利Verival 野生莓果穀物麥片,330,1,momo
[Verival費里歐] 草莓穀物麥片 (300g/包),330,1,momo
有機巧克力綜合穀物麥片,330,1,momo
[Verival費里歐] 藍莓蘋果穀物麥片 (325g/包),330,1,momo
免運+發票 王飽飽 榛子黑巧烘焙麥片 高纖早餐麥片 劉濤同款 酸奶麥片 麥片 即食麥片 堅果穀物 穀物麥片 零食,329,1,momo
新品上架 貝氏燕麥粥 即食速溶燕麥片 代餐魔芋爽燕麥粥 多口味可選 木糖醇穀物燕麥片 核桃黑芝麻糊 桂花藕粉 花樣早餐,324,1,momo
韓國 MARKET O POP 穀物麥片,320,1,momo
【Jason捷森】五種水果/六種穀物-麥片任選500gx3包,319,1,momo
奧地利Verival—野生莓果穀物麥片,314,1,momo
草莓穀物麥片,314,1,momo
天天出貨【脆萃纖 燕麥脆米花  燕麥穀物】 酥脆好吃 幫助消化 專利益生菌+膳食纖維 小麥的家 Granola hou,312,1,momo
[VanTaiwan] 加拿大代購 Lucky Charm 穀物棉花糖麥片 多種口味 早餐麥片,304,1,momo
【好代GO】CALBEE 卡樂比富果樂水果早餐麥片1Kg 巧克力香蕉早餐麥片 穀物脆片好市多代購 COSTCO,299,1,momo
雙11買一送一【瑞典AXA即期品】三重巧克力穀物麥片320g - 最佳賞味期限至2023.01.14,299,1,momo
免運+發票 王飽飽 咖啡堅果麥片 高纖早餐麥片 劉濤同款 酸奶麥片 麥片 即食麥片 堅果穀物 穀物麥片 零食 安慕希,296,1,momo
【奧地利Verival 費里歐 即期品】多種穀物亞麻籽燕麥片 500g(效期 2022/08/10),295,1,momo
雙11限定買1送1【AXA】三重巧克力穀物麥片(320g) 共2盒,290,1,momo
【AXA】三重巧克力穀物麥片(320g),290,1,momo
【免運+發票】 桂格 芒果椰椰 即食水果麥片 穀物麥脆果  營養早餐 即食麥片 桂格麥片 穀物 酸奶 安幕希 桂格 麥片,285,1,momo
Dong - 卡樂比富果樂水果早餐麥片 麥片 燕麥 果乾 穀物 早餐 點心  好市多,285,1,momo
?免運+發票?桂格 咖啡麥果脆麥片375g 即食麥片 大陸境內版官網代購 穀物麥脆果 桂格麥片 穀物 酸奶果粒,285,1,momo
【免運+發票】 桂格 芒果椰椰375g  大陸境內版官網代購 即食水果麥片 穀物麥脆果  營養早餐 即食麥片 桂格麥片,285,1,momo
福迪-草莓穀物麥片,281,1,momo
9555865601554Amazin graze沖泡式堅果穀物燕麥片(粉紅莓果) 40g*6包,280,1,momo
ag蘋果肉桂堅果穀物燕麥片240g,280,1,momo
ag香蕉巧克力穀物燕麥片240g,280,1,momo
【Sanitarium欣善怡】免運現貨 高纖穀穀脆 草莓烤燕麥/堅果烤燕麥 早餐 麥片 全穀物 WEETBIX,280,1,momo
麥片 燕麥 甜點 燕麥片 水果麥片 Granola 早餐麥片 麥片穀物 烤燕麥 莓果麥片 低糖低鈉 Sanitarium,279,1,momo
果諾力脆萃纖蔓越莓杏仁燕麥榖片 650g 好市多 素時可食用 蔓越莓杏仁 燕麥榖片 麥片穀物 點心 早餐 即沖即飲 堅果,275,1,momo
速纖 穀多田 穀物燕麥飲/紫米紅豆飲 12瓶/箱(300ml/瓶)-穀物奶x1,270,1,momo
ar椰糖堅果穀物燕麥脆片250g,265,1,momo
【Delba德寶】德國 全麥麥片 1000g(全麥 穀物 麥片),258,1,momo
【大頭叔叔】穀物水果麥片(經典原味),255,1,momo
Amazin graze堅果穀物燕麥脆片-榛果巧克力250g,252,1,momo
【領卷折上折】Body goals 纖脆穀物烤麥片 200g 天然無負擔 蛋白麥片,250,1,momo
【AXA】瑞典巧克力堅果穀物麥片(375g),250,1,momo
【限時69折】纖脆穀物烤麥片 1入,250,1,momo
?免運+發票? 歐札克 酸奶果粒麥片 麥片 即食麥片 穀物麥片 歐紥克酸奶果粒 歐扎克 歐劄克 肖戰 酸奶 蒙牛 安慕希,248,1,momo
✨現貨不用等✨韓國 Bebest 貝思 穀物麥片 口味可選 兒童早餐麥片 野蠻王妃團購,240,1,momo
[VanTaiwan] 加拿大代購 Lucky Charms 穀物棉花糖麥片 多種口味 早餐麥片,240,1,momo
【瑞典AXA】三重巧克力穀物麥片320g(奢華升級版配方),239,1,momo
【現貨&99免運】李子柒 水果藜麥脆麥片 水果麥片【愛淘購物】穀物麥片 水果藜麥脆 麥片 下午茶點心 零食,238,1,momo
AMAZIN' GRAZE 堅果穀物燕麥脆片-榛果巧克力250G,238,1,momo
AMAZIN' GRAZE 堅果穀物燕麥脆片-藍莓枸杞250G,238,1,momo
AMAZIN' GRAZE 堅果穀物燕麥脆片-椰糖250G,238,1,momo
德國捷森六種穀物麥片,238,1,momo
8801037066104Post 玉米燕麥穀物片(巧克力核桃味)300g,229,1,momo
8801037040791Post 玉米燕麥穀物片(蔓越莓味)350g,229,1,momo
穀物麥片機,229,1,momo
Post 玉米燕麥穀物片-藍莓味(310g),229,1,momo
8801037050141Post 玉米燕麥穀物片(藍莓味)310g,229,1,momo
POST 玉米燕麥穀物片(巧克力核桃味)300g【小三美日】DS004865,229,1,momo
?現貨開發票?歐札克 酸奶果粒麥片 麥片 即食麥片 穀物麥片 麥片 歐紥克酸奶果粒 歐扎克 歐劄克 肖戰 酸奶 安慕希,225,1,momo
POST 草莓 蜂蜜 燕麥 多穀物 早餐 麥片 368g  脆片 穀片 穀物,219,1,momo
GRANOLA HOUSE 燕麥棒 盒裝 6入/1入  零食 穀物 營養 運動 登山 減重 低熱量 低卡 巧克力,210,1,momo
免運 現貨 快速出貨 日清 巧克力綜合燕麥片 綜合穀物 早餐燕麥片 巧克力 堅果 早餐 營養早餐 堅果燕麥片 大袋裝,209,1,momo
POST 猶太潔食 水果 胡桃 燕麥 多穀物 早餐 麥片 453g 葡萄 椰棗 堅果 穀麥 脆片,199,1,momo
[Body Goal]纖脆穀物烤麥片-寶島可可(200g),198,1,momo
【法爵】 燕麥奶生吐司/OATLY燕麥奶/穀物香氣/柔軟濕潤/防疫糧食/團購美食/早餐/點心,195,1,momo
升級版【AXA】三重巧克力穀物麥片(320g),190,1,momo
日本 Calbee卡樂比 富果樂水果麥片 380g 京都製造 燕麥 水果乾 早餐麥片 營養 玄米 零食 穀物 膳食纖維,190,1,momo
[澳洲 Carman’s]穀類麥片500g  蜂蜜烤堅果燕麥脆榖塊/ 藍莓烤杏仁脆榖塊/綜合莓果穀物燕麥片,189,1,momo
【AXA】瑞典綜合莓果穀物麥片(270g),188,1,momo
amazin'graze堅果穀物燕麥脆片/ 榛果巧克力,188,1,momo
現貨+發票 Deka甜麥仁 焦糖風味 150g 脆片焦糖穀物 健康果仁 健康穀物 麥片 餅乾 零食 牛奶 好市多,180,1,momo
POST 玉米燕麥穀物片(藍莓味)310g【小三美日】DS004863,179,1,momo
K-(2包)格蘭諾拉巧克力穀物麥片30g,176,1,momo
【全場滿4件折30+免運】穀物圈 低脂無糖精燕麥圈 早餐卽食玉米片 紫薯圈 牛奶穀物脆麥片 麥圈【柒洛】,176,1,momo
日清 big 早餐玉米片 巧克力圈圈餅 糖霜 香蕉 麥片 玉米脆片 甜甜圈 日清麥片 穀物麥片,170,1,momo
【紫米 糙薏仁 糙米】無調味爆穀 即食全穀物 寶寶副食品 大人早餐麥片 全素 部分無麩質,170,1,momo
現貨 好麥多奇亞籽麥片 穀物酸奶水果麥片300g/袋 Honlife奇亞籽蜜桃麥片 芒果酸奶麥片 酸奶堅果麥,168,1,momo
9319133333451[澳洲 Carman’s] 綜合莓果穀物燕麥片 (500g/盒),166,1,momo
【迪西美食】 台灣出貨 家樂氏巧克力莓果纖穀脆 220公克 巧克力莓果纖穀脆 纖穀脆 纖穀脆早餐穀物脆片 早餐 穀物脆片,163,1,momo
amazin'graze堅果穀物燕麥片/ 香蕉巧克力,161,1,momo
光泉頂級鮮奶優酪莓果穀物脆片 130g*2 2022-03-30 lc2j-rrbz,160,1,momo
光泉頂級鮮奶優酪莓果穀物脆片 130g*2 2022-03-10 e0xv-0lc8,160,1,momo
現貨✨蝦皮最優惠 Deka 甜麥仁焦糖風味 甜麥仁150g 脆片焦糖穀物 日日旺 健康穀物 麥片 餅乾 零食 早餐穀物,160,1,momo
光泉頂級鮮奶優酪莓果穀物脆片 130g*2 2022-04-01 d0hh-n4m2,160,1,momo
光泉頂級鮮奶優酪莓果穀物脆片 130g*2 2022-04-07 k7yc-zp5v,160,1,momo
光泉 頂級鮮奶優酪莓果穀物脆片 130gx2入 2022-09-27 d5os-o39u,160,1,momo
光泉頂級鮮奶優酪莓果穀物脆片 130g*2 2022-02-22 d5os-op6x,160,1,momo
光泉頂級鮮奶優酪莓果穀物脆片 130g*2 2022-05-04 k7yc-n37t,160,1,momo
光泉 頂級鮮奶優酪莓果穀物脆片 130gx2入 2022-10-13 d13m-6j90,160,1,momo
光泉頂級鮮奶優酪莓果穀物脆片 130g*2 2022-05-24 ye59-8x80,160,1,momo
光泉頂級鮮奶優酪莓果穀物脆片 130g*2 2022-06-03 k7yc-uore,160,1,momo
光泉 頂級鮮奶優酪莓果穀物脆片 130gx2入 2022-11-06 ye59-oelt,160,1,momo
光泉頂級鮮奶優酪莓果穀物脆片 130g*2 2022-01-10 d5os-52ry,152,1,momo
燕麥穀物,150,1,momo
【瑞典AXA】巧克力堅果穀物麥片(375g),150,1,momo
Ally 25/25巷：無添加純素椰子穀物燕麥片,150,1,momo
卡路里燕麥穀物棒250g/袋  【大潤發】,150,1,momo
【瑞典AXA】歐式穀物麥片x1盒(任選口味:巧克力堅果/綜合莓果/綜合水果/亞麻籽莓果/熱帶水果),150,1,momo
【Sunny Buy】◎現貨◎澳洲 SunBites Grain 全穀物波浪造型脆片 餅乾 洋蔥酸奶 莎莎醬 焦糖洋蔥,150,1,momo
纖脆穀物烤麥片 - 隨手包,147,1,momo
代收代付 - GRANOLA HOUSE 燕麥脆米花 盒裝6入 脆米花 穀物 益生菌 零食 巧克力/,145,1,momo
【現貨秒發】麥片 Cereal 早餐麥片 穀物 麥片穀物 沖泡麥片 即食麥片 Energen 印尼,136,1,momo
韓國 Bebest 貝思 穀物麥片(草莓 /可可亞) 早餐麥片 100g,130,1,momo
Daily Boost 日卜力 蔓越莓什錦穀物麥片 (200g/盒)【廠商直送】 -,129,1,momo
【Ograe】O! grae 格蘭諾拉巧克力穀物麥片 30g【月星球】,129,1,momo
【即期品 Jason捷森】捷森早餐穀物麥片五種水果/六種穀物任選500gx1入(兩種口味皆為效期:2022/9/2),129,1,momo
捷森六種穀物麥片500g,125,1,momo
【Sunny Buy】◎即期+現貨◎ 盒損 Post 燕麥 多穀物 早餐 麥片 蜂蜜燕麥 杏仁 草莓 香蕉 葡萄乾 藍莓,120,1,momo
歐扎克 OCAK 酸奶果粒麥片 歐札克 歐紮克 酸奶 水果堅果麥片 即食燕麥片 酸奶麥片 堅果 早餐 下午茶 穀物 代餐,120,1,momo
現貨附發票 馬玉山 GEENMAX 酥脆穀脆 穀脆系列 特濃奶茶穀脆 巧克力莓果穀脆 穀片 穀物 優格麥片 脆片 麥片,119,1,momo
家樂氏 Special K原味香脆麥米片205g 早餐穀物脆片買兩包送贈品,119,1,momo
『台灣現貨+發票』美國POST 水果風味 早餐穀片 燕麥 多穀物 早餐麥片,109,1,momo
004(0714七)-【O! grae】(限有消費者加購)燕麥穀物*3(詳細內容如商品描述),100,1,momo
GRANOLA HOUSE 小麥的家 燕麥棒 飽足感 營養棒 健康零食 營養穀物 減脂運動 低熱量 零食 低卡減肥聖品《DA量販店,99,1,momo
開發票 全店99免運｜嚴選【澳洲】燕麥片 夾鏈包裝｜熟的 可直接沖泡飲用｜從栽種到分裝完全有品質管理｜金瑞益【嚴選】穀物,99,1,momo
多穀物米餅(燕麥椰奶)60g 穀物 糙米 燕麥 椰奶 奶素 非油炸 零膽固醇 膳食纖維 休閒食品 現貨 【神農嚴選】,90,1,momo
Calorie卡路里 燕麥穀物棒 250g【家樂福】,87,1,momo
光泉頂級鮮奶優酪莓果穀物脆片 130g*2 2022-03-03 d5os-o6lk,80,1,momo
光泉 頂級鮮奶優酪莓果穀物脆片 130gx2入 2022-10-21 ye59-4675,80,1,momo
光泉頂級鮮奶優酪莓果穀物脆片 130g*2 2022-02-16 k7yc-xbh9,80,1,momo
光泉 頂級鮮奶優酪莓果穀物脆片 130gx2入 2022-09-04 ye59-ud5e,80,1,momo
光泉頂級鮮奶優酪莓果穀物脆片 130g*2 2022-04-21 k7yc-cqc7,80,1,momo
光泉 頂級鮮奶優酪莓果穀物脆片 130gx2入 2022-09-15 k7yc-hwxq,80,1,momo
光泉頂級鮮奶優酪莓果穀物脆片 130g*2 2022-05-05 ec4p-263s,80,1,momo
光泉頂級鮮奶優酪莓果穀物脆片 130g*2 2022-02-04 o4ti-jypi,80,1,momo
光泉頂級鮮奶優酪莓果穀物脆片 130g*2 2022-08-18 k7yc-jyi8,80,1,momo
光泉頂級鮮奶優酪莓果穀物脆片 130g*2 2022-04-03 r8gm-8fcn,80,1,momo
光泉 頂級鮮奶優酪莓果穀物脆片 130gx2入 2022-09-09 f8w3-ffrb,80,1,momo
光泉頂級鮮奶優酪莓果穀物脆片 130g*2 2022-08-11 e6cp-fybl,80,1,momo
光泉頂級鮮奶優酪莓果穀物脆片 130g*2 2022-04-20 rfgc-dhp8,80,1,momo
光泉頂級鮮奶優酪莓果穀物脆片 130g*2 2022-04-24 k7yc-xtt0,80,1,momo
光泉頂級鮮奶優酪莓果穀物脆片 130g*2 2022-04-09 k7yc-pfz5,80,1,momo
光泉頂級鮮奶優酪莓果穀物脆片 130g*2 2022-04-28 l4hr-7uo4,80,1,momo
光泉頂級鮮奶優酪莓果穀物脆片 130g*2 2022-07-03 f8w3-q0qf,80,1,momo
光泉 頂級鮮奶優酪莓果穀物脆片 130gx2入 2022-11-22 m9tt-8uo5,80,1,momo
光泉頂級鮮奶優酪莓果穀物脆片 130g*2 2022-02-23 ye59-opcw,80,1,momo
光泉 頂級鮮奶優酪莓果穀物脆片 130gx2入 2022-10-09 m9tt-fmpx,80,1,momo
光泉頂級鮮奶優酪莓果穀物脆片 130g*2 2022-01-28 ye59-n7ir,80,1,momo
光泉頂級鮮奶優酪莓果穀物脆片 130g*2 2022-05-08 e0xv-iu8e,80,1,momo
光泉頂級鮮奶優酪莓果穀物脆片 130g*2 2022-05-15 f8w3-h1to,80,1,momo
光泉 頂級鮮奶優酪莓果穀物脆片 130gx2入 2022-10-23 l4hr-uneh,80,1,momo
光泉頂級鮮奶優酪莓果穀物脆片 130g*2 2022-07-03 k7yc-tth3,80,1,momo
光泉 頂級鮮奶優酪莓果穀物脆片 130gx2入 2022-10-31 r8gm-iqd7,80,1,momo
光泉頂級鮮奶優酪莓果穀物脆片 130g*2 2022-01-23 k7yc-kjfu,80,1,momo
光泉 頂級鮮奶優酪莓果穀物脆片 130gx2入 2022-10-31 d0hh-yifz,80,1,momo
光泉 頂級鮮奶優酪莓果穀物脆片 130gx2入 2022-10-31 k7yc-i5h5,80,1,momo
光泉 頂級鮮奶優酪莓果穀物脆片 130gx2入 2022-11-05 ye59-j0ki,80,1,momo
光泉頂級鮮奶優酪莓果穀物脆片 130g*2 2022-04-12 e0xv-eqcc,80,1,momo
義美 芝麻燕麥多穀物蘇打餅乾(270g/盒)(270g/盒)[大買家],79,1,momo
【蝦幣10倍送‼️我超便宜】單隻✨雀巢 纖怡巧克力穀物棒 可可脆片穀物棒 巧克力穀物棒 早餐棒 燕麥 穀物 小麥 巧克力,78,1,momo
代收代付 - GRANOLA HOUSE 燕麥脆米花 4包組 [32g/包] 脆米花 穀物 益生菌,76,1,momo
光泉 頂級鮮奶優酪莓果穀物脆片 130g*2,72,1,momo
⭐好市多代購現貨⭐ Nature Valley 天然谷 燕麥棒 穀物棒 營養棒 蜂蜜 / 楓糖 / 黑巧克力(良品小倉),72,1,momo
AG堅果穀物燕麥脆片-藍莓枸杞40g,70,1,momo
堅果穀物燕麥片-蘋果,69,1,momo
堅果穀物燕麥片蘋果肉桂沖泡式,69,1,momo
義美芝麻燕麥多穀物蘇打餅乾270g/盒  【大潤發】,67,1,momo
AmazinGraze馬來西亞堅果穀物燕麥脆片-香蕉蜂蜜 (40g/包),66,1,momo
《義美》芝麻燕麥多穀物蘇打餅乾(270g/盒)(270g/盒),66,1,momo
光泉頂級鮮奶優酪莓果穀物脆片 130g*2 2022-03-14 ye59-xqej,63,1,momo
小杯穀物脆片優格,50,1,momo
＜北站鳥園＞燕麥 / 寵物鳥、鸚鵡用 / 分裝飼料 / 營養穀物,40,1,momo
光泉鮮奶優酪莓果穀物脆片130g,40,1,momo
芝麻燕麥多穀物酥打,39,1,momo
【瘋狂嚴選】台灣 喜瑞爾 Cerear 黑醋栗 優格 經典 焦糖 黃金 雙麥 燕麥 大麥 麥片 穀物脆 夾鏈袋 170g,39,1,momo
光泉頂級鮮奶優格－莓果穀物脆片,35,1,momo
光泉鮮奶優格苺果穀物脆片,35,1,momo
卡路里燕麥穀物棒250g,30,1,momo
可可穀物脆片,25,1,momo
蜂蜜星星穀物脆片,23,1,momo
美祿可可球穀物脆片,23,1,momo
雀巢 玉米脆片穀物棒20g單條(黃圖白色包裝)  穀物棒 玉米脆片 點心棒 隨手包點心 早餐脆片 天天出,23,1,momo